Transaction_ID,itemset
t1,"['Chicken', 'Vaseline Petroleum Jelly', 'Shampoo', 'Conditioner', 'MDH Chaat Masala', 'Eggs', 'Spinach', 'Fish', 'Ariel Liquid Detergent', 'Salt', 'Capsicum']"
t2,"['Conditioner', 'Fortune Sunlite Refined Oil', 'Juice', 'Salt', 'Butter', 'Maggi Instant Noodles', 'HIT Crawling Insect Killer', 'Capsicum']"
t3,"['Tomatoes', 'Milk', 'Soap', 'Vaseline Petroleum Jelly', 'Conditioner', 'Carrots', 'Juice', 'Eggs', 'Butter', 'Face Wash', 'Rice', 'Potatoes', 'Pillow Cover']"
t4,"['Milk', 'Shampoo', 'Juice', 'Toothpaste', 'Colgate Toothpaste', 'Fish', 'Salt', 'Cornflakes', 'Bread', 'Capsicum', 'Colin Glass Cleaner', 'Pillow Cover']"
t5,"['Milk', 'Conditioner', 'Toothpaste', 'Eggs', 'Fish', 'Maggi Instant Noodles', 'Capsicum']"
t6,"['Tomatoes', 'Milk', 'Dettol Hand Wash', 'Shampoo', 'Conditioner', 'Toothpaste', 'Eggs', 'Fish', 'Crystal Large Garbage Bag', 'Everest Garam Masala', 'Fresh Apples']"
t7,"['Milk', 'Soap', 'Shampoo', 'Conditioner', 'Aloo Bhujia', 'Juice', 'Eggs', 'Salt', 'Butter', 'Cornflakes', 'Origami Tissue Paper']"
t8,"['Tomatoes', 'Chicken', 'Soap', 'Tata Salt', 'Shampoo', 'Conditioner', 'Toothpaste', 'Eggs', 'Rice', 'Cornflakes', 'Lay’s India’s Magic Masala']"
t9,"['Tomatoes', 'Dove Shampoo', 'Juice', 'India Gate Basmati Rice', 'Colgate Toothpaste', 'Fish', 'Ariel Liquid Detergent', 'Salt', 'Rice', 'Lay’s American Cream & Onion']"
t10,"['Chicken', 'Milk', 'Shampoo', 'Organic Honey', 'Carrots', 'MDH Chaat Masala', 'India Gate Basmati Rice', 'Eggs', 'Fish', 'Salt', 'Face Wash', 'Cornflakes', 'Bread', 'Capsicum']"
t11,"['Tomatoes', 'Milk', 'Soap', 'Shampoo', 'Conditioner', 'Organic Honey', 'Fish', 'Face Wash', 'Crystal Large Garbage Bag', 'Saffron', 'Bread', 'Capsicum', 'Himalaya Face Wash', 'Colin Glass Cleaner']"
t12,"['Olive Oil', 'Milk', 'Soap', 'Tata Salt', 'Colgate Toothpaste', 'Eggs', 'Cheese', 'Salt', 'Rice', 'Onions', 'Everest Garam Masala', 'Capsicum']"
t13,"['Red Label Tea', 'Tomatoes', 'Chicken', 'Milk', 'Soap', 'Olive Oil', 'MTR Ready-to-Eat Poha', 'Almonds', 'Juice', 'Balaji Masala Masti Chips', 'Salt', 'Face Wash', 'Nivea Body Lotion', 'Bread', 'Capsicum', 'Colin Glass Cleaner']"
t14,"['Milk', 'Shampoo', 'Conditioner', 'Almonds', 'Toothpaste', 'Cheese', 'Fish', 'Salt', 'Protein Powder', 'Face Wash', 'Rice', 'Comfort After Wash', 'Fresh Apples']"
t15,"['Tomatoes', 'Milk', 'Shampoo', 'MDH Chaat Masala', 'Juice', 'Eggs', 'Cheese', 'Balaji Masala Masti Chips', 'Salt', 'Face Wash', 'Rice', 'HIT Crawling Insect Killer', 'Fresh Apples']"
t16,"['Conditioner', 'Tata Premium Tea', 'Toothpaste', 'Juice', 'Salt', 'Butter', 'Cornflakes', 'Bread', 'Himalaya Face Wash']"
t17,"['Chicken', 'Shampoo', 'Conditioner', 'India Gate Basmati Rice', 'Eggs', 'Butter', 'Face Wash', 'Cornflakes', 'Curtains', 'Bread', 'Capsicum', 'Origami Tissue Paper']"
t18,"['Tomatoes', 'Vaseline Petroleum Jelly', 'MTR Ready-to-Eat Poha', 'Conditioner', 'Carrots', 'Juice', 'Fish', 'Butter', 'Face Wash', 'Rice', 'Elegant Weavers Doormat']"
t19,"['Tomatoes', 'Chia Seeds', 'MTR Ready-to-Eat Poha', 'Almonds', 'Juice', 'Cheese', 'Salt', 'Butter', 'Rice', 'Cornflakes', 'Lay’s American Cream & Onion', 'Himalaya Face Wash']"
t20,"['Milk', 'MTR Ready-to-Eat Poha', 'Shampoo', 'Conditioner', 'Almonds', 'Toothpaste', 'Eggs', 'Cheese', 'Fish', 'Spinach', 'Pantene Conditioner', 'India Gate Basmati Rice', 'Face Wash', 'Rice', 'Bread']"
t21,"['Tomatoes', 'Shampoo', 'MDH Chaat Masala', 'Eggs', 'Cheese', 'Fish', 'Nivea Body Lotion', 'Cornflakes', 'Colin Glass Cleaner']"
t22,"['Tomatoes', 'Chicken', 'Milk', 'Chia Seeds', 'MTR Ready-to-Eat Poha', 'Shampoo', 'Carrots', 'Toothpaste', 'Eggs', 'Ariel Liquid Detergent', 'Face Wash', 'Crystal Large Garbage Bag', 'Bread', 'Capsicum', 'Pillow Cover']"
t23,"['Everest Garam Masala', 'Soap', 'Shampoo', 'Eggs', 'Fish', 'Butter', 'Cornflakes', 'Rice', 'Lay’s India’s Magic Masala', 'Bread']"
t24,"['Red Label Tea', 'Tomatoes', 'Dettol Hand Wash', 'Shampoo', 'Conditioner', 'Juice', 'Toothpaste', 'Colgate Toothpaste', 'Face Wash', 'Cornflakes', 'Bananas', 'Capsicum', 'Let’s Try Peri Peri Makhana']"
t25,"['Tomatoes', 'Chicken', 'Vaseline Petroleum Jelly', 'Shampoo', 'Organic Honey', 'Fortune Sunlite Refined Oil', 'Juice', 'Fish', 'Salt', 'Rice', 'Cornflakes', 'Crystal Large Garbage Bag', 'Saffron', 'Bread', 'Capsicum', 'Colin Glass Cleaner']"
t26,"['Almonds', 'Colgate Toothpaste', 'Cheese', 'Fish', 'Salt', 'Rice', 'Bread', 'Origami Tissue Paper']"
t27,"['Tomatoes', 'Chia Seeds', 'Vaseline Petroleum Jelly', 'Conditioner', 'Organic Honey', 'Tata Premium Tea', 'Juice', 'India Gate Basmati Rice', 'Salt', 'Face Wash', 'Rice', 'Cornflakes', 'Capsicum', 'Fresh Apples']"
t28,"['Chia Seeds', 'Conditioner', 'Pantene Conditioner', 'Eggs', 'Cheese', 'Protein Powder', 'Face Wash', 'Capsicum', 'Pillow Cover']"
t29,"['Chicken', 'Olive Oil', 'Milk', 'Conditioner', 'Spinach', 'Salt', 'Face Wash', 'Cornflakes', 'Capsicum', 'Ashirvaad Whole Wheat Atta', 'Pillow Cover']"
t30,"['Tomatoes', 'Soap', 'Conditioner', 'Eggs', 'Balaji Masala Masti Chips', 'Butter', 'Rice']"
t31,"['Tomatoes', 'Toothpaste', 'Eggs', 'Cheese', 'Fish', 'India Gate Basmati Rice', 'Bedsheet Double Bed', 'Cornflakes', 'Onions', 'Capsicum', 'Origami Tissue Paper']"
t32,"['Red Label Tea', 'Toothpaste', 'Juice', 'Eggs', 'Pantene Conditioner', 'Salt', 'Protein Powder', 'Nivea Body Lotion', 'Capsicum']"
t33,"['Tomatoes', 'Milk', 'Tata Salt', 'Shampoo', 'Conditioner', 'Nescafe Gold Blend Rich and Smooth Coffee', 'Salt', 'HIT Crawling Insect Killer', 'Face Wash', 'Rice', 'Cornflakes', 'Saffron', 'Capsicum', 'Ashirvaad Whole Wheat Atta']"
t34,"['Tomatoes', 'Milk', 'Shampoo', 'Conditioner', 'Toothpaste', 'Fish', 'Butter', 'Nivea Body Lotion', 'Bread', 'Capsicum', 'Himalaya Face Wash']"
t35,"['Tomatoes', 'Milk', 'Soap', 'Dove Shampoo', 'Cheese', 'Salt', 'Butter', 'Rice', 'Curtains', 'Onions', 'Colin Glass Cleaner', 'Fresh Apples']"
t36,"['Milk', 'Shampoo', 'Juice', 'Spinach', 'Cheese', 'Fish', 'Ariel Liquid Detergent', 'Salt', 'Butter', 'Rice', 'Bread', 'Himalaya Face Wash']"
t37,"['Milk', 'Soap', 'Chia Seeds', 'Conditioner', 'MDH Chaat Masala', 'Juice', 'Eggs', 'Cheese', 'Toothpaste', 'Salt', 'Protein Powder', 'Rice', 'Capsicum', 'Fresh Apples']"
t38,"['Red Label Tea', 'Tomatoes', 'Chicken', 'Milk', 'Soap', 'Chia Seeds', 'Juice', 'Eggs', 'Ariel Liquid Detergent', 'Butter', 'Rice', 'Bananas', 'Saffron', 'Let’s Try Peri Peri Makhana']"
t39,"['Tomatoes', 'Milk', 'Shampoo', 'Conditioner', 'Almonds', 'Toothpaste', 'Pantene Conditioner', 'Cheese', 'Butter', 'Rice', 'Cornflakes', 'Curtains', 'Onions', 'Capsicum', 'Pillow Cover']"
t40,"['Milk', 'Shampoo', 'Aloo Bhujia', 'Toothpaste', 'Eggs', 'Cheese', 'Nivea Body Lotion', 'Rice', 'Crystal Large Garbage Bag', 'Maggi Instant Noodles', 'Bread', 'Capsicum']"
t41,"['Tomatoes', 'Chicken', 'Milk', 'Vaseline Petroleum Jelly', 'Shampoo', 'Conditioner', 'Juice', 'Eggs', 'Colgate Toothpaste', 'Nescafe Gold Blend Rich and Smooth Coffee', 'Salt', 'Butter', 'Cornflakes']"
t42,"['Tomatoes', 'Milk', 'Soap', 'MDH Chaat Masala', 'Toothpaste', 'Eggs', 'Salt', 'Butter', 'Rice', 'Capsicum', 'Himalaya Face Wash', 'Comfort After Wash', 'Fresh Apples']"
t43,"['Shampoo', 'Eggs', 'Salt', 'Face Wash', 'Cornflakes', 'Rice', 'Crystal Large Garbage Bag', 'Lay’s American Cream & Onion']"
t44,"['Milk', 'Conditioner', 'Ariel Liquid Detergent', 'Fish', 'Balaji Masala Masti Chips', 'Salt', 'Butter', 'Rice', 'Bread', 'Capsicum', 'Let’s Try Peri Peri Makhana', 'Colin Glass Cleaner']"
t45,"['Dettol Hand Wash', 'Shampoo', 'Juice', 'Salt', 'Cornflakes', 'Rice', 'Capsicum', 'Himalaya Face Wash']"
t46,"['Milk', 'Shampoo', 'Dove Shampoo', 'Toothpaste', 'Eggs', 'Rice', 'Cornflakes', 'Lay’s India’s Magic Masala', 'Capsicum']"
t47,"['Tomatoes', 'Chicken', 'Eggs', 'Salt', 'Cornflakes', 'Bread', 'Origami Tissue Paper']"
t48,"['Tomatoes', 'Milk', 'Aloo Bhujia', 'Cheese', 'Face Wash', 'Curtains', 'Capsicum']"
t49,"['Tomatoes', 'Soap', 'Vaseline Petroleum Jelly', 'Shampoo', 'Toothpaste', 'Eggs', 'Fish', 'Nescafe Gold Blend Rich and Smooth Coffee', 'Salt', 'Rice', 'Elegant Weavers Doormat', 'Capsicum', 'Pillow Cover']"
t50,"['Milk', 'Shampoo', 'Conditioner', 'MDH Chaat Masala', 'Toothpaste', 'Cheese', 'Butter', 'Rice', 'Potatoes', 'Everest Garam Masala', 'Capsicum', 'Ashirvaad Whole Wheat Atta']"
t51,"['Tomatoes', 'Milk', 'Soap', 'Fortune Sunlite Refined Oil', 'Carrots', 'Eggs', 'Cheese', 'Fish', 'Balaji Masala Masti Chips', 'Salt', 'Bread', 'Capsicum']"
t52,"['Conditioner', 'Juice', 'Eggs', 'Salt', 'Protein Powder', 'Bedsheet Double Bed', 'Cornflakes', 'Maggi Instant Noodles', 'Bananas', 'Saffron', 'Bread', 'Capsicum', 'Ashirvaad Whole Wheat Atta']"
t53,"['Shampoo', 'Conditioner', 'Dove Shampoo', 'Fortune Sunlite Refined Oil', 'Cheese', 'Fish', 'Salt', 'Capsicum', 'Colin Glass Cleaner']"
t54,"['Chicken', 'Milk', 'Aloo Bhujia', 'Butter', 'Bedsheet Double Bed', 'Face Wash', 'Cornflakes', 'Rice', 'HIT Crawling Insect Killer', 'Bread']"
t55,"['Tomatoes', 'Chicken', 'Olive Oil', 'Soap', 'Chia Seeds', 'Shampoo', 'Eggs', 'Cheese', 'Fish', 'Bedsheet Double Bed', 'Rice', 'Capsicum', 'Fresh Apples']"
t56,"['Chicken', 'Milk', 'Soap', 'MTR Ready-to-Eat Poha', 'Shampoo', 'Conditioner', 'Eggs', 'Ariel Liquid Detergent', 'Salt', 'Potatoes', 'Bread', 'Pillow Cover']"
t57,"['Vaseline Petroleum Jelly', 'Carrots', 'Tata Premium Tea', 'Eggs', 'Cheese', 'Fish', 'Butter', 'Cornflakes', 'Rice', 'Bread', 'Comfort After Wash']"
t58,"['Milk', 'Conditioner', 'Tata Premium Tea', 'Eggs', 'Ariel Liquid Detergent', 'Fish', 'Balaji Masala Masti Chips', 'Salt', 'Butter', 'Rice', 'Bread', 'Fresh Apples']"
t59,"['Tomatoes', 'Chicken', 'Milk', 'Toothpaste', 'Eggs', 'Juice', 'Salt', 'Face Wash', 'Comfort After Wash']"
t60,"['Olive Oil', 'Shampoo', 'Conditioner', 'Aloo Bhujia', 'Pantene Conditioner', 'Cheese', 'Nescafe Gold Blend Rich and Smooth Coffee', 'Salt', 'Cornflakes', 'HIT Crawling Insect Killer', 'Bread', 'Capsicum']"
t61,"['Tomatoes', 'Everest Garam Masala', 'Shampoo', 'Spinach', 'Fish', 'Salt', 'Butter', 'Face Wash', 'Rice', 'Cornflakes', 'Potatoes', 'Bread', 'Capsicum']"
t62,"['Red Label Tea', 'Tomatoes', 'Soap', 'Salt', 'Rice', 'Cornflakes', 'Bread', 'Lay’s American Cream & Onion', 'Comfort After Wash', 'Pillow Cover']"
t63,"['Chicken', 'MTR Ready-to-Eat Poha', 'Tata Salt', 'Shampoo', 'Tata Premium Tea', 'Juice', 'Salt', 'Butter', 'Rice', 'Onions', 'Bread', 'Capsicum']"
t64,"['Milk', 'Tata Salt', 'Shampoo', 'Almonds', 'Organic Honey', 'Carrots', 'Toothpaste', 'Cheese', 'Ariel Liquid Detergent', 'Salt', 'Elegant Weavers Doormat', 'Bread', 'Lay’s American Cream & Onion']"
t65,"['Vaseline Petroleum Jelly', 'Carrots', 'Toothpaste', 'Eggs', 'Cheese', 'Colgate Toothpaste', 'Salt', 'Butter', 'Bedsheet Double Bed', 'Bread']"
t66,"['Tomatoes', 'Chicken', 'Milk', 'Soap', 'Conditioner', 'Dove Shampoo', 'Spinach', 'Fish', 'Butter', 'Rice', 'Capsicum']"
t67,"['Tomatoes', 'Toothpaste', 'Eggs', 'Cheese', 'Ariel Liquid Detergent', 'Butter', 'Cornflakes', 'Rice']"
t68,"['Tomatoes', 'Milk', 'Soap', 'Shampoo', 'Organic Honey', 'MDH Chaat Masala', 'Toothpaste', 'Fish', 'Bedsheet Double Bed', 'Rice', 'Capsicum']"
t69,"['Red Label Tea', 'Tomatoes', 'Chicken', 'Milk', 'Juice', 'Spinach', 'Butter', 'Bread', 'Capsicum']"
t70,"['Tomatoes', 'Shampoo', 'India Gate Basmati Rice', 'Fish', 'Nescafe Gold Blend Rich and Smooth Coffee', 'Cornflakes', 'Bread', 'Himalaya Face Wash']"
t71,"['Tomatoes', 'Chicken', 'Shampoo', 'MDH Chaat Masala', 'Eggs', 'Fish', 'Butter', 'Face Wash', 'Rice', 'Crystal Large Garbage Bag', 'HIT Crawling Insect Killer', 'Origami Tissue Paper', 'Comfort After Wash']"
t72,"['Red Label Tea', 'Milk', 'Soap', 'Toothpaste', 'Eggs', 'Cheese', 'Salt', 'Rice', 'Cornflakes', 'Bananas', 'Capsicum', 'Let’s Try Peri Peri Makhana']"
t73,"['Soap', 'Chia Seeds', 'Juice', 'Eggs', 'Pantene Conditioner', 'Fish', 'Salt', 'Butter', 'Energy Drink', 'Bread', 'Capsicum', 'Pillow Cover']"
t74,"['Milk', 'Soap', 'Chia Seeds', 'Shampoo', 'Conditioner', 'Eggs', 'Salt', 'Energy Drink', 'Face Wash', 'Rice', 'Crystal Large Garbage Bag', 'Capsicum']"
t75,"['Tomatoes', 'MDH Chaat Masala', 'Juice', 'Fish', 'Nescafe Gold Blend Rich and Smooth Coffee', 'Salt', 'Rice', 'Elegant Weavers Doormat', 'Curtains']"
t76,"['Tomatoes', 'Milk', 'Juice', 'Spinach', 'Pantene Conditioner', 'Fish', 'Salt', 'Rice', 'Maggi Instant Noodles', 'Lay’s India’s Magic Masala', 'Bread', 'Capsicum', 'Fresh Apples']"
t77,"['Tomatoes', 'Olive Oil', 'Almonds', 'MDH Chaat Masala', 'Tata Premium Tea', 'Juice', 'Eggs', 'Cheese', 'Fish', 'Salt', 'Face Wash', 'Lay’s India’s Magic Masala', 'HIT Crawling Insect Killer']"
t78,"['Conditioner', 'Tata Premium Tea', 'India Gate Basmati Rice', 'Eggs', 'Cheese', 'Fish', 'Balaji Masala Masti Chips', 'Butter', 'Cornflakes', 'Lay’s India’s Magic Masala', 'Bread']"
t79,"['Tomatoes', 'Chicken', 'Tata Salt', 'Toothpaste', 'Eggs', 'Fish', 'Bread', 'Capsicum', 'Fresh Apples']"
t80,"['Tomatoes', 'Chicken', 'Shampoo', 'Conditioner', 'Juice', 'Cheese', 'Salt', 'Rice', 'Lay’s India’s Magic Masala', 'Everest Garam Masala', 'Capsicum']"
t81,"['Milk', 'Soap', 'Shampoo', 'Fortune Sunlite Refined Oil', 'Aloo Bhujia', 'Eggs', 'Salt', 'Butter', 'Face Wash', 'Crystal Large Garbage Bag', 'Nivea Body Lotion', 'Bread', 'Capsicum', 'Pillow Cover']"
t82,"['Chicken', 'Milk', 'Soap', 'Almonds', 'Eggs', 'Salt', 'Butter', 'Energy Drink', 'Face Wash', 'Curtains', 'Bread', 'Capsicum', 'Origami Tissue Paper']"
t83,"['Tomatoes', 'Chia Seeds', 'Conditioner', 'Pantene Conditioner', 'Ariel Liquid Detergent', 'Salt', 'Butter', 'Protein Powder', 'Face Wash', 'Bread', 'Capsicum', 'Himalaya Face Wash']"
t84,"['Chicken', 'Milk', 'MTR Ready-to-Eat Poha', 'Shampoo', 'Almonds', 'MDH Chaat Masala', 'Toothpaste', 'Eggs', 'Juice', 'Fish', 'Salt', 'Crystal Large Garbage Bag', 'HIT Crawling Insect Killer', 'Bread']"
t85,"['Tomatoes', 'Chicken', 'Milk', 'Conditioner', 'Fortune Sunlite Refined Oil', 'Lay’s American Cream & Onion', 'Butter', 'Face Wash', 'Curtains', 'Bread', 'Capsicum']"
t86,"['Tomatoes', 'Soap', 'Shampoo', 'Toothpaste', 'Salt', 'Butter', 'Face Wash', 'Crystal Large Garbage Bag', 'Fresh Apples', 'Bread', 'Capsicum', 'Pillow Cover']"
t87,"['Tomatoes', 'Chicken', 'Milk', 'Vaseline Petroleum Jelly', 'Conditioner', 'India Gate Basmati Rice', 'Cheese', 'Protein Powder', 'Rice', 'Cornflakes', 'Bread', 'Capsicum', 'Origami Tissue Paper', 'Comfort After Wash']"
t88,"['Chicken', 'Milk', 'Vaseline Petroleum Jelly', 'Shampoo', 'Dove Shampoo', 'Fortune Sunlite Refined Oil', 'Fish', 'Salt', 'Rice', 'Bread', 'Capsicum', 'Let’s Try Peri Peri Makhana']"
t89,"['Milk', 'Dettol Hand Wash', 'Conditioner', 'Juice', 'Spinach', 'Fish', 'Salt', 'Butter', 'Bedsheet Double Bed', 'Nivea Body Lotion', 'Saffron', 'Bread']"
t90,"['Tomatoes', 'Shampoo', 'Conditioner', 'Spinach', 'Cheese', 'Butter', 'Rice', 'Let’s Try Peri Peri Makhana']"
t91,"['Tomatoes', 'Milk', 'Shampoo', 'Almonds', 'Carrots', 'Toothpaste', 'Juice', 'Cheese', 'Fish', 'India Gate Basmati Rice', 'Nivea Body Lotion', 'Rice', 'Bread', 'Capsicum', 'Ashirvaad Whole Wheat Atta']"
t92,"['Soap', 'Conditioner', 'Juice', 'Pantene Conditioner', 'Salt', 'Butter', 'Face Wash', 'Capsicum', 'Ashirvaad Whole Wheat Atta']"
t93,"['Tomatoes', 'Milk', 'Toothpaste', 'India Gate Basmati Rice', 'Cheese', 'Fish', 'Pantene Conditioner', 'Salt', 'Face Wash', 'Rice', 'Nivea Body Lotion', 'Bread', 'Colin Glass Cleaner', 'Fresh Apples']"
t94,"['Conditioner', 'MDH Chaat Masala', 'Juice', 'Colgate Toothpaste', 'Cheese', 'Salt', 'Cornflakes', 'Bread']"
t95,"['Tomatoes', 'Chicken', 'Milk', 'Vaseline Petroleum Jelly', 'Conditioner', 'Cheese', 'Nescafe Gold Blend Rich and Smooth Coffee', 'Face Wash', 'Lay’s India’s Magic Masala', 'Bread', 'Capsicum', 'Himalaya Face Wash', 'Colin Glass Cleaner']"
t96,"['Red Label Tea', 'Tomatoes', 'Shampoo', 'Juice', 'Cheese', 'Protein Powder', 'Face Wash', 'Rice', 'Cornflakes', 'Saffron', 'Himalaya Face Wash']"
t97,"['Tomatoes', 'Dove Shampoo', 'Tata Premium Tea', 'Cheese', 'Fish', 'Salt', 'Crystal Large Garbage Bag', 'Maggi Instant Noodles', 'Bananas', 'Capsicum']"
t98,"['Tomatoes', 'Milk', 'Tata Salt', 'Shampoo', 'Organic Honey', 'India Gate Basmati Rice', 'Eggs', 'Cheese', 'Fish', 'Butter', 'Face Wash']"
t99,"['Tomatoes', 'Everest Garam Masala', 'Milk', 'MTR Ready-to-Eat Poha', 'Carrots', 'Juice', 'Eggs', 'Pantene Conditioner', 'Butter', 'Bread']"
t100,"['Tomatoes', 'Chicken', 'Olive Oil', 'Soap', 'Conditioner', 'Carrots', 'Cheese', 'Salt', 'Protein Powder', 'Bedsheet Double Bed', 'Nivea Body Lotion', 'Cornflakes', 'Capsicum']"
t101,"['Chicken', 'Milk', 'Soap', 'Conditioner', 'Carrots', 'Spinach', 'Cheese', 'Fish', 'Rice', 'Capsicum']"
t102,"['Tomatoes', 'Soap', 'Shampoo', 'Conditioner', 'Juice', 'Ariel Liquid Detergent', 'Balaji Masala Masti Chips', 'Salt', 'Maggi Instant Noodles', 'Capsicum']"
t103,"['Tomatoes', 'Olive Oil', 'Almonds', 'Conditioner', 'MDH Chaat Masala', 'Salt', 'Butter', 'Face Wash', 'Cornflakes', 'Let’s Try Peri Peri Makhana', 'Ashirvaad Whole Wheat Atta']"
t104,"['Shampoo', 'India Gate Basmati Rice', 'Eggs', 'Butter', 'Rice', 'Cornflakes', 'Lay’s American Cream & Onion', 'Capsicum', 'Origami Tissue Paper']"
t105,"['Chia Seeds', 'Shampoo', 'Conditioner', 'Cheese', 'Salt', 'Rice', 'Cornflakes', 'Onions', 'Capsicum', 'Fresh Apples']"
t106,"['Milk', 'Vaseline Petroleum Jelly', 'Shampoo', 'Juice', 'Eggs', 'Toothpaste', 'Nivea Body Lotion', 'Elegant Weavers Doormat', 'Capsicum', 'Himalaya Face Wash']"
t107,"['Tomatoes', 'Shampoo', 'Conditioner', 'MDH Chaat Masala', 'Juice', 'Eggs', 'Cheese', 'India Gate Basmati Rice', 'Bedsheet Double Bed', 'Rice', 'Cornflakes', 'Bread', 'Ashirvaad Whole Wheat Atta']"
t108,"['Tomatoes', 'Chicken', 'Milk', 'Soap', 'Chia Seeds', 'Shampoo', 'Toothpaste', 'Spinach', 'Salt', 'Protein Powder', 'Face Wash', 'Rice', 'Lay’s India’s Magic Masala', 'Bread']"
t109,"['Milk', 'Chia Seeds', 'Shampoo', 'Conditioner', 'Toothpaste', 'Juice', 'Cheese', 'Colgate Toothpaste', 'Butter', 'Crystal Large Garbage Bag', 'Capsicum', 'Origami Tissue Paper', 'Ashirvaad Whole Wheat Atta']"
t110,"['Milk', 'Soap', 'Dettol Hand Wash', 'Shampoo', 'Conditioner', 'Cheese', 'Balaji Masala Masti Chips', 'Butter', 'Rice', 'Onions']"
t111,"['Chicken', 'Soap', 'Tata Salt', 'Bananas', 'Conditioner', 'Aloo Bhujia', 'Toothpaste', 'Eggs', 'Cheese', 'Rice', 'Potatoes', 'Elegant Weavers Doormat', 'Bread']"
t112,"['Milk', 'Conditioner', 'Dove Shampoo', 'India Gate Basmati Rice', 'Eggs', 'Salt', 'Face Wash', 'Cornflakes', 'Onions', 'Bread', 'Lay’s American Cream & Onion']"
t113,"['Tomatoes', 'Everest Garam Masala', 'Milk', 'Conditioner', 'Juice', 'Toothpaste', 'Cheese', 'Fish', 'Bread', 'Capsicum', 'Ashirvaad Whole Wheat Atta']"
t114,"['Tomatoes', 'Milk', 'Dove Shampoo', 'Colgate Toothpaste', 'Cheese', 'Fish', 'Salt', 'Rice', 'Cornflakes', 'Bread', 'Capsicum', 'Himalaya Face Wash']"
t115,"['Tomatoes', 'Milk', 'Dettol Hand Wash', 'Tata Salt', 'Shampoo', 'Conditioner', 'Almonds', 'Organic Honey', 'Cheese', 'Fish', 'Ariel Liquid Detergent', 'Rice', 'Cornflakes', 'Lay’s India’s Magic Masala', 'Origami Tissue Paper']"
t116,"['Shampoo', 'Conditioner', 'Carrots', 'MDH Chaat Masala', 'Juice', 'Eggs', 'Colgate Toothpaste', 'Fish', 'Nescafe Gold Blend Rich and Smooth Coffee', 'Butter', 'Cornflakes', 'Ashirvaad Whole Wheat Atta']"
t117,"['Tomatoes', 'Chicken', 'Conditioner', 'Juice', 'Eggs', 'Toothpaste', 'Fish', 'India Gate Basmati Rice', 'Rice', 'Potatoes', 'Crystal Large Garbage Bag', 'Onions', 'Bread']"
t118,"['Chicken', 'Milk', 'Chia Seeds', 'Conditioner', 'Toothpaste', 'Eggs', 'Salt', 'Nivea Body Lotion', 'Crystal Large Garbage Bag', 'Potatoes', 'Bananas', 'Bread']"
t119,"['Milk', 'Juice', 'Eggs', 'Toothpaste', 'India Gate Basmati Rice', 'Rice', 'Bread', 'Himalaya Face Wash', 'Ashirvaad Whole Wheat Atta']"
t120,"['Tomatoes', 'Milk', 'Chia Seeds', 'Conditioner', 'Dove Shampoo', 'Tata Premium Tea', 'Juice', 'Eggs', 'Cheese', 'Salt']"
t121,"['Tomatoes', 'Conditioner', 'Toothpaste', 'India Gate Basmati Rice', 'Spinach', 'Face Wash', 'Onions', 'Bread']"
t122,"['Tomatoes', 'Chicken', 'Soap', 'Vaseline Petroleum Jelly', 'Tata Salt', 'Shampoo', 'Conditioner', 'Toothpaste', 'Eggs', 'Juice', 'Salt', 'Capsicum']"
t123,"['Tomatoes', 'Soap', 'Vaseline Petroleum Jelly', 'Shampoo', 'Conditioner', 'Almonds', 'MDH Chaat Masala', 'Pantene Conditioner', 'Eggs', 'Cheese', 'Butter', 'Nivea Body Lotion', 'Bread', 'Capsicum', 'Let’s Try Peri Peri Makhana']"
t124,"['Tomatoes', 'Chicken', 'Milk', 'Conditioner', 'MDH Chaat Masala', 'Pantene Conditioner', 'Eggs', 'Cheese', 'Fish', 'Balaji Masala Masti Chips', 'Salt', 'Rice', 'Cornflakes', 'Onions', 'Pillow Cover']"
t125,"['Tomatoes', 'Shampoo', 'Juice', 'Fish', 'Nescafe Gold Blend Rich and Smooth Coffee', 'Energy Drink', 'Face Wash', 'Cornflakes', 'Maggi Instant Noodles', 'Bread', 'Himalaya Face Wash']"
t126,"['Soap', 'Shampoo', 'Conditioner', 'Eggs', 'Fish', 'Salt', 'Butter', 'Cornflakes', 'HIT Crawling Insect Killer', 'Bread', 'Origami Tissue Paper', 'Colin Glass Cleaner']"
t127,"['Milk', 'Juice', 'Eggs', 'Toothpaste', 'Rice', 'Lay’s India’s Magic Masala', 'HIT Crawling Insect Killer', 'Bread']"
t128,"['Everest Garam Masala', 'Soap', 'Shampoo', 'Organic Honey', 'Tata Premium Tea', 'Eggs', 'Fish', 'Butter', 'Face Wash', 'Rice', 'Elegant Weavers Doormat', 'Bread', 'Capsicum']"
t129,"['Tomatoes', 'Chicken', 'Olive Oil', 'Eggs', 'Cheese', 'Pillow Cover', 'Bread', 'Fresh Apples']"
t130,"['Tomatoes', 'Soap', 'Chia Seeds', 'Vaseline Petroleum Jelly', 'Shampoo', 'Conditioner', 'Dove Shampoo', 'Tata Premium Tea', 'Toothpaste', 'Salt', 'Face Wash', 'Cornflakes', 'Capsicum', 'Ashirvaad Whole Wheat Atta']"
t131,"['Tomatoes', 'Milk', 'Eggs', 'Cheese', 'Balaji Masala Masti Chips', 'Butter', 'Face Wash', 'Rice', 'Cornflakes', 'Curtains', 'Bread', 'Capsicum']"
t132,"['Soap', 'Shampoo', 'Tata Premium Tea', 'Toothpaste', 'Eggs', 'Fish', 'Nescafe Gold Blend Rich and Smooth Coffee', 'Energy Drink', 'Capsicum']"
t133,"['Tomatoes', 'Conditioner', 'Organic Honey', 'Tata Premium Tea', 'Juice', 'Spinach', 'Cheese', 'Balaji Masala Masti Chips', 'Onions', 'Capsicum', 'Pillow Cover']"
t134,"['Tomatoes', 'Almonds', 'MDH Chaat Masala', 'Carrots', 'Juice', 'Eggs', 'Salt', 'Butter', 'Bedsheet Double Bed', 'Face Wash', 'Capsicum', 'Colin Glass Cleaner']"
t135,"['Chicken', 'Milk', 'Conditioner', 'MDH Chaat Masala', 'Fish', 'Butter', 'Protein Powder', 'Energy Drink', 'Rice', 'Potatoes', 'Capsicum']"
t136,"['Chicken', 'Shampoo', 'Almonds', 'Tata Premium Tea', 'Toothpaste', 'Eggs', 'Cheese', 'Cornflakes', 'HIT Crawling Insect Killer', 'Capsicum']"
t137,"['Tomatoes', 'Chicken', 'Milk', 'Everest Garam Masala', 'Toothpaste', 'Juice', 'Fish', 'Salt', 'Rice', 'Bananas', 'Bread', 'Capsicum']"
t138,"['Chicken', 'Milk', 'Soap', 'Carrots', 'Toothpaste', 'Eggs', 'Nescafe Gold Blend Rich and Smooth Coffee', 'Salt', 'Capsicum', 'Fresh Apples']"
t139,"['Tomatoes', 'Vaseline Petroleum Jelly', 'Juice', 'Eggs', 'Cheese', 'Balaji Masala Masti Chips', 'Protein Powder', 'Capsicum']"
t140,"['Vaseline Petroleum Jelly', 'MTR Ready-to-Eat Poha', 'Toothpaste', 'Eggs', 'Fish', 'Salt', 'Rice', 'Bread']"
t141,"['Tomatoes', 'Chicken', 'Milk', 'Olive Oil', 'Eggs', 'Spinach', 'Bedsheet Double Bed', 'Rice', 'Cornflakes', 'HIT Crawling Insect Killer', 'Bread']"
t142,"['Tomatoes', 'MDH Chaat Masala', 'Eggs', 'Cheese', 'Balaji Masala Masti Chips', 'Face Wash', 'Rice', 'Bananas', 'Bread', 'Capsicum', 'Origami Tissue Paper']"
t143,"['Tomatoes', 'Chicken', 'Milk', 'Dettol Hand Wash', 'Shampoo', 'Eggs', 'Salt', 'Bedsheet Double Bed', 'Cornflakes', 'Bread']"
t144,"['Milk', 'Dettol Hand Wash', 'Fortune Sunlite Refined Oil', 'Eggs', 'Fish', 'Salt', 'Butter', 'Rice', 'Cornflakes', 'Capsicum', 'Himalaya Face Wash', 'Fresh Apples']"
t145,"['Soap', 'Conditioner', 'Toothpaste', 'Eggs', 'Salt', 'Rice', 'Cornflakes', 'Crystal Large Garbage Bag', 'Bread', 'Pillow Cover']"
t146,"['Red Label Tea', 'Tomatoes', 'Chicken', 'Milk', 'MTR Ready-to-Eat Poha', 'Toothpaste', 'Salt', 'Butter', 'Rice', 'Bread', 'Capsicum']"
t147,"['Tomatoes', 'Milk', 'Soap', 'Chia Seeds', 'Conditioner', 'Organic Honey', 'Juice', 'Ariel Liquid Detergent', 'Salt', 'Bananas', 'Bread', 'Capsicum']"
t148,"['Tomatoes', 'Conditioner', 'Carrots', 'Juice', 'Cheese', 'Balaji Masala Masti Chips', 'Salt', 'Cornflakes', 'Colin Glass Cleaner']"
t149,"['Tomatoes', 'Milk', 'Soap', 'Shampoo', 'Conditioner', 'Almonds', 'MDH Chaat Masala', 'Toothpaste', 'Cheese', 'Fish', 'Salt', 'Crystal Large Garbage Bag', 'Bread']"
t150,"['Tomatoes', 'Milk', 'Soap', 'India Gate Basmati Rice', 'Fish', 'Capsicum', 'Colin Glass Cleaner']"
t151,"['Milk', 'Conditioner', 'Toothpaste', 'Eggs', 'Spinach', 'Colgate Toothpaste', 'Himalaya Face Wash', 'Salt', 'Butter', 'Face Wash', 'Rice', 'Bread', 'Origami Tissue Paper', 'Fresh Apples']"
t152,"['Milk', 'Shampoo', 'Conditioner', 'Almonds', 'Pantene Conditioner', 'India Gate Basmati Rice', 'Fish', 'Energy Drink', 'Rice', 'Cornflakes', 'Ashirvaad Whole Wheat Atta']"
t153,"['MTR Ready-to-Eat Poha', 'Shampoo', 'Conditioner', 'Carrots', 'MDH Chaat Masala', 'Toothpaste', 'Cheese', 'Balaji Masala Masti Chips', 'Salt', 'Rice', 'Bananas']"
t154,"['Tomatoes', 'Everest Garam Masala', 'Dettol Hand Wash', 'Shampoo', 'Conditioner', 'Almonds', 'Dove Shampoo', 'Juice', 'Cheese', 'Nescafe Gold Blend Rich and Smooth Coffee', 'Energy Drink', 'Cornflakes', 'Bread']"
t155,"['Tomatoes', 'Milk', 'Aloo Bhujia', 'Eggs', 'Ariel Liquid Detergent', 'Salt', 'Butter', 'Cornflakes', 'Onions', 'HIT Crawling Insect Killer', 'Bread', 'Capsicum']"
t156,"['Tomatoes', 'Olive Oil', 'Milk', 'Curtains', 'MTR Ready-to-Eat Poha', 'Shampoo', 'Toothpaste', 'Fish', 'Rice', 'Cornflakes', 'Bananas', 'Bread']"
t157,"['Chia Seeds', 'Vaseline Petroleum Jelly', 'Almonds', 'Juice', 'Spinach', 'Salt', 'Cornflakes', 'Potatoes', 'Curtains', 'Bread', 'Capsicum', 'Fresh Apples']"
t158,"['Soap', 'Tata Salt', 'Shampoo', 'Toothpaste', 'Salt', 'Face Wash', 'Rice', 'Bread', 'Ashirvaad Whole Wheat Atta']"
t159,"['Tomatoes', 'Chicken', 'Curtains', 'Soap', 'Conditioner', 'Carrots', 'Eggs', 'Fish', 'Rice', 'Cornflakes', 'Potatoes', 'Lay’s India’s Magic Masala', 'HIT Crawling Insect Killer', 'Bread', 'Capsicum']"
t160,"['Red Label Tea', 'Tomatoes', 'Soap', 'Colgate Toothpaste', 'Fish', 'Rice', 'Maggi Instant Noodles', 'Onions', 'Capsicum', 'Himalaya Face Wash']"
t161,"['Soap', 'Shampoo', 'Conditioner', 'Juice', 'Eggs', 'Fish', 'Salt', 'Rice', 'Cornflakes', 'Bananas', 'Capsicum', 'Pillow Cover']"
t162,"['Chicken', 'Shampoo', 'Eggs', 'Balaji Masala Masti Chips', 'Butter', 'Cornflakes', 'Rice', 'Onions', 'Capsicum', 'Colin Glass Cleaner']"
t163,"['Tomatoes', 'Everest Garam Masala', 'Milk', 'Vaseline Petroleum Jelly', 'Juice', 'Cheese', 'Balaji Masala Masti Chips', 'Salt', 'Face Wash', 'Rice', 'Bread']"
t164,"['Tomatoes', 'Milk', 'Shampoo', 'Conditioner', 'Fortune Sunlite Refined Oil', 'Toothpaste', 'Eggs', 'Juice', 'Pantene Conditioner', 'Rice', 'Maggi Instant Noodles', 'Onions']"
t165,"['Tomatoes', 'Milk', 'Soap', 'Eggs', 'Cheese', 'Bananas', 'Bread', 'Origami Tissue Paper']"
t166,"['Chicken', 'Tomatoes', 'Milk', 'Soap', 'Shampoo', 'Fortune Sunlite Refined Oil', 'Ariel Liquid Detergent', 'Cornflakes', 'Onions', 'HIT Crawling Insect Killer', 'Capsicum', 'Colin Glass Cleaner']"
t167,"['Red Label Tea', 'Tomatoes', 'Chicken', 'Milk', 'Shampoo', 'Conditioner', 'Almonds', 'Carrots', 'Fortune Sunlite Refined Oil', 'Toothpaste', 'Ariel Liquid Detergent', 'Balaji Masala Masti Chips', 'Butter', 'Rice', 'Cornflakes']"
t168,"['Olive Oil', 'Shampoo', 'Fortune Sunlite Refined Oil', 'Carrots', 'Toothpaste', 'Eggs', 'Cheese', 'Butter', 'Bedsheet Double Bed', 'Rice']"
t169,"['Milk', 'MTR Ready-to-Eat Poha', 'Shampoo', 'Conditioner', 'Aloo Bhujia', 'Juice', 'Eggs', 'Cheese', 'Ariel Liquid Detergent', 'Bedsheet Double Bed', 'Protein Powder', 'Cornflakes', 'HIT Crawling Insect Killer', 'Bread', 'Capsicum']"
t170,"['Vaseline Petroleum Jelly', 'Shampoo', 'Carrots', 'Eggs', 'Fish', 'Bedsheet Double Bed', 'Face Wash', 'Potatoes', 'Bread', 'Capsicum']"
t171,"['Red Label Tea', 'Tomatoes', 'Everest Garam Masala', 'Shampoo', 'Conditioner', 'Dove Shampoo', 'Salt', 'Butter', 'Bedsheet Double Bed', 'Face Wash', 'Bread', 'Let’s Try Peri Peri Makhana']"
t172,"['Tomatoes', 'Chicken', 'Milk', 'Conditioner', 'Carrots', 'Fortune Sunlite Refined Oil', 'Toothpaste', 'Eggs', 'Butter', 'Protein Powder', 'Maggi Instant Noodles', 'Onions', 'Bread', 'Capsicum', 'Pillow Cover']"
t173,"['Tomatoes', 'Olive Oil', 'Organic Honey', 'Toothpaste', 'Eggs', 'Spinach', 'Fish', 'Balaji Masala Masti Chips', 'Salt', 'Face Wash', 'Rice', 'Onions', 'Bread', 'Capsicum']"
t174,"['Shampoo', 'Aloo Bhujia', 'Toothpaste', 'Eggs', 'Juice', 'Salt', 'Bedsheet Double Bed', 'Face Wash', 'Capsicum', 'Colin Glass Cleaner', 'Pillow Cover']"
t175,"['Tomatoes', 'Milk', 'Shampoo', 'Conditioner', 'Toothpaste', 'Juice', 'Salt', 'Lay’s India’s Magic Masala', 'Capsicum', 'Ashirvaad Whole Wheat Atta', 'Fresh Apples']"
t176,"['Milk', 'Shampoo', 'Juice', 'Eggs', 'Cheese', 'Fish', 'Colgate Toothpaste', 'Nivea Body Lotion', 'Comfort After Wash']"
t177,"['Tomatoes', 'Olive Oil', 'Milk', 'Tata Salt', 'Shampoo', 'Conditioner', 'Carrots', 'Fortune Sunlite Refined Oil', 'Juice', 'Toothpaste', 'Tata Premium Tea', 'Butter', 'Protein Powder', 'Elegant Weavers Doormat', 'Bread']"
t178,"['Bananas', 'Shampoo', 'Toothpaste', 'Fish', 'Balaji Masala Masti Chips', 'Energy Drink', 'Cornflakes', 'Rice', 'Maggi Instant Noodles', 'Potatoes', 'Bread']"
t179,"['Tomatoes', 'Chicken', 'Milk', 'Everest Garam Masala', 'Toothpaste', 'Eggs', 'Ariel Liquid Detergent', 'Balaji Masala Masti Chips', 'Butter', 'Lay’s India’s Magic Masala', 'Bread', 'Capsicum']"
t180,"['Tomatoes', 'Chicken', 'Soap', 'Dettol Hand Wash', 'Shampoo', 'Toothpaste', 'Eggs', 'Spinach', 'Lay’s American Cream & Onion', 'Capsicum']"
t181,"['Red Label Tea', 'Tomatoes', 'Milk', 'Soap', 'Tata Premium Tea', 'Juice', 'Eggs', 'Fish', 'Balaji Masala Masti Chips', 'Salt', 'Bread', 'Capsicum']"
t182,"['Chicken', 'Soap', 'MTR Ready-to-Eat Poha', 'Dettol Hand Wash', 'Shampoo', 'Pantene Conditioner', 'Cheese', 'Fish', 'Salt', 'Capsicum', 'Origami Tissue Paper']"
t183,"['Everest Garam Masala', 'Milk', 'Soap', 'Shampoo', 'Conditioner', 'Juice', 'Colgate Toothpaste', 'Cheese', 'Nescafe Gold Blend Rich and Smooth Coffee', 'Face Wash', 'Lay’s India’s Magic Masala', 'Bread', 'Colin Glass Cleaner']"
t184,"['Tomatoes', 'Everest Garam Masala', 'Soap', 'Conditioner', 'Organic Honey', 'Colgate Toothpaste', 'Eggs', 'Fish', 'Salt', 'Bread', 'Capsicum']"
t185,"['Tomatoes', 'Aloo Bhujia', 'Fish', 'Butter', 'Rice', 'Cornflakes', 'Bread', 'Capsicum', 'Himalaya Face Wash']"
t186,"['Tomatoes', 'Fortune Sunlite Refined Oil', 'Cheese', 'Fish', 'Butter', 'Rice', 'Cornflakes', 'Capsicum', 'Pillow Cover']"
t187,"['Tomatoes', 'Chicken', 'Olive Oil', 'Conditioner', 'MDH Chaat Masala', 'Cheese', 'Fish', 'Rice', 'Maggi Instant Noodles', 'Fresh Apples']"
t188,"['Tomatoes', 'Chicken', 'Milk', 'Soap', 'Shampoo', 'India Gate Basmati Rice', 'Eggs', 'Spinach', 'Fish', 'HIT Crawling Insect Killer', 'Everest Garam Masala', 'Capsicum']"
t189,"['Milk', 'Soap', 'Shampoo', 'Eggs', 'Cheese', 'Fish', 'Ariel Liquid Detergent', 'Spinach', 'Bread']"
t190,"['Milk', 'Soap', 'Shampoo', 'Conditioner', 'Fortune Sunlite Refined Oil', 'Cheese', 'Ariel Liquid Detergent', 'Salt', 'Bedsheet Double Bed', 'Face Wash', 'Rice', 'Elegant Weavers Doormat', 'Bread']"
t191,"['Chicken', 'Tomatoes', 'Milk', 'Soap', 'MTR Ready-to-Eat Poha', 'Vaseline Petroleum Jelly', 'Shampoo', 'Conditioner', 'Fish', 'Potatoes', 'Ashirvaad Whole Wheat Atta']"
t192,"['Tomatoes', 'Milk', 'Shampoo', 'Aloo Bhujia', 'Eggs', 'Cheese', 'Salt', 'Bedsheet Double Bed', 'Cornflakes', 'Crystal Large Garbage Bag', 'HIT Crawling Insect Killer', 'Capsicum', 'Comfort After Wash']"
t193,"['Conditioner', 'Juice', 'Eggs', 'India Gate Basmati Rice', 'Salt', 'Bedsheet Double Bed', 'Face Wash', 'Rice', 'Elegant Weavers Doormat', 'HIT Crawling Insect Killer', 'Bread', 'Comfort After Wash']"
t194,"['Tomatoes', 'Milk', 'Soap', 'Dettol Hand Wash', 'Juice', 'Eggs', 'Ariel Liquid Detergent', 'Butter', 'Face Wash', 'Crystal Large Garbage Bag', 'Origami Tissue Paper']"
t195,"['Tomatoes', 'Milk', 'Almonds', 'Fish', 'Lay’s American Cream & Onion', 'Bedsheet Double Bed', 'Face Wash', 'Nivea Body Lotion', 'Crystal Large Garbage Bag', 'Curtains', 'Saffron', 'Capsicum']"
t196,"['Red Label Tea', 'Tomatoes', 'Chicken', 'Milk', 'Shampoo', 'Cheese', 'Balaji Masala Masti Chips', 'Salt', 'Butter', 'Rice', 'Cornflakes', 'Bread']"
t197,"['Milk', 'Conditioner', 'Pantene Conditioner', 'Eggs', 'Colgate Toothpaste', 'Fish', 'Face Wash', 'Rice', 'Potatoes', 'Bananas', 'Bread', 'Capsicum']"
t198,"['Red Label Tea', 'Olive Oil', 'Soap', 'Dettol Hand Wash', 'Conditioner', 'Toothpaste', 'Eggs', 'Energy Drink', 'Face Wash', 'Bread']"
t199,"['Milk', 'Dettol Hand Wash', 'Shampoo', 'Juice', 'Fish', 'Cornflakes', 'Maggi Instant Noodles', 'Onions', 'Bread']"
t200,"['Tomatoes', 'Chicken', 'Soap', 'Tata Salt', 'Conditioner', 'Organic Honey', 'Juice', 'Ariel Liquid Detergent', 'Salt', 'Protein Powder', 'Rice', 'Cornflakes', 'Elegant Weavers Doormat', 'Bread', 'Lay’s American Cream & Onion']"
t201,"['Tomatoes', 'Olive Oil', 'Milk', 'Vaseline Petroleum Jelly', 'Conditioner', 'Carrots', 'Juice', 'Eggs', 'Cheese', 'Face Wash', 'Rice', 'Cornflakes', 'Maggi Instant Noodles']"
t202,"['Tomatoes', 'Chicken', 'Soap', 'Vaseline Petroleum Jelly', 'Shampoo', 'Conditioner', 'Juice', 'Ariel Liquid Detergent', 'Rice', 'Cornflakes', 'Bread', 'Capsicum']"
t203,"['Tomatoes', 'MTR Ready-to-Eat Poha', 'Shampoo', 'Organic Honey', 'Tata Premium Tea', 'Toothpaste', 'Ariel Liquid Detergent', 'Salt', 'Protein Powder', 'Face Wash', 'Rice', 'Bread', 'Capsicum']"
t204,"['Conditioner', 'Cheese', 'Fish', 'Salt', 'Rice', 'Elegant Weavers Doormat', 'Capsicum', 'Fresh Apples']"
t205,"['Tomatoes', 'Chicken', 'Soap', 'Shampoo', 'Conditioner', 'Dove Shampoo', 'Eggs', 'Cheese', 'Salt', 'Face Wash', 'Rice', 'Crystal Large Garbage Bag', 'Bananas', 'Capsicum', 'Ashirvaad Whole Wheat Atta']"
t206,"['Shampoo', 'Conditioner', 'Toothpaste', 'Nescafe Gold Blend Rich and Smooth Coffee', 'Balaji Masala Masti Chips', 'Butter', 'Bedsheet Double Bed', 'Face Wash', 'Cornflakes', 'Rice']"
t207,"['Chia Seeds', 'Shampoo', 'Conditioner', 'Toothpaste', 'Colgate Toothpaste', 'Fish', 'Face Wash', 'Potatoes', 'Elegant Weavers Doormat', 'Curtains', 'Saffron', 'Bread']"
t208,"['Chicken', 'Milk', 'Shampoo', 'Conditioner', 'Dove Shampoo', 'Eggs', 'Cheese', 'Butter', 'Protein Powder', 'Face Wash', 'Bread', 'Ashirvaad Whole Wheat Atta']"
t209,"['Chicken', 'Milk', 'Dettol Hand Wash', 'Organic Honey', 'Eggs', 'Fish', 'Balaji Masala Masti Chips', 'Face Wash', 'Elegant Weavers Doormat', 'Bread', 'Capsicum', 'Origami Tissue Paper']"
t210,"['Tomatoes', 'Chicken', 'MTR Ready-to-Eat Poha', 'Shampoo', 'Conditioner', 'Tata Premium Tea', 'Toothpaste', 'Eggs', 'Cheese', 'Pantene Conditioner', 'Salt', 'Onions', 'Capsicum', 'Comfort After Wash']"
t211,"['Tata Salt', 'Conditioner', 'Juice', 'Spinach', 'Fish', 'Energy Drink', 'Cornflakes', 'Bread', 'Capsicum', 'Colin Glass Cleaner', 'Pillow Cover']"
t212,"['Chicken', 'Curtains', 'Soap', 'Vaseline Petroleum Jelly', 'Shampoo', 'Toothpaste', 'Salt', 'Bananas', 'Capsicum']"
t213,"['Tomatoes', 'Olive Oil', 'Milk', 'Soap', 'Vaseline Petroleum Jelly', 'Tata Premium Tea', 'Toothpaste', 'Eggs', 'Juice', 'Fish', 'Salt', 'Rice', 'Potatoes', 'Fresh Apples', 'Pillow Cover']"
t214,"['Soap', 'Tata Salt', 'Conditioner', 'Carrots', 'Toothpaste', 'Eggs', 'Spinach', 'Salt', 'Butter', 'Bedsheet Double Bed', 'Rice', 'Cornflakes', 'Bread', 'Capsicum', 'Colin Glass Cleaner']"
t215,"['Red Label Tea', 'Tomatoes', 'Chicken', 'Shampoo', 'Conditioner', 'Aloo Bhujia', 'Dove Shampoo', 'Eggs', 'Butter', 'Rice', 'Cornflakes', 'Capsicum', 'Colin Glass Cleaner']"
t216,"['Chicken', 'Conditioner', 'Toothpaste', 'Eggs', 'Bedsheet Double Bed', 'Curtains', 'Capsicum']"
t217,"['Soap', 'Tata Salt', 'Conditioner', 'Organic Honey', 'Toothpaste', 'Colgate Toothpaste', 'Fish', 'Salt', 'Protein Powder', 'Face Wash', 'Rice', 'Curtains', 'Everest Garam Masala', 'Lay’s American Cream & Onion']"
t218,"['Tomatoes', 'Chicken', 'Milk', 'Dettol Hand Wash', 'Toothpaste', 'Colgate Toothpaste', 'Face Wash', 'Rice']"
t219,"['Chicken', 'Shampoo', 'Fortune Sunlite Refined Oil', 'Toothpaste', 'Eggs', 'India Gate Basmati Rice', 'Salt', 'Butter', 'Rice', 'Cornflakes', 'Bread', 'Capsicum', 'Pillow Cover']"
t220,"['Chicken', 'Shampoo', 'Eggs', 'Cheese', 'Fish', 'HIT Crawling Insect Killer', 'Capsicum', 'Let’s Try Peri Peri Makhana', 'Fresh Apples']"
t221,"['Milk', 'Soap', 'Chia Seeds', 'Almonds', 'Dove Shampoo', 'Toothpaste', 'Juice', 'Salt', 'Face Wash', 'Rice', 'Potatoes']"
t222,"['Chicken', 'Everest Garam Masala', 'Milk', 'Soap', 'Conditioner', 'Aloo Bhujia', 'Toothpaste', 'Bread', 'Colin Glass Cleaner']"
t223,"['Vaseline Petroleum Jelly', 'Tata Salt', 'Conditioner', 'Cheese', 'Fish', 'Salt', 'Butter', 'Face Wash', 'Rice', 'Bread', 'Pillow Cover']"
t224,"['Tomatoes', 'Shampoo', 'Conditioner', 'Eggs', 'Fish', 'Butter', 'Energy Drink', 'Face Wash', 'Rice', 'Bread', 'Origami Tissue Paper', 'Comfort After Wash', 'Colin Glass Cleaner']"
t225,"['Milk', 'Soap', 'Conditioner', 'Juice', 'Eggs', 'Fish', 'Balaji Masala Masti Chips', 'Capsicum', 'Pillow Cover']"
t226,"['Tomatoes', 'Soap', 'Conditioner', 'Aloo Bhujia', 'Carrots', 'Juice', 'MDH Chaat Masala', 'Salt', 'Face Wash', 'Rice', 'Maggi Instant Noodles', 'Bread', 'Capsicum', 'Pillow Cover']"
t227,"['Chicken', 'Tata Salt', 'MDH Chaat Masala', 'Juice', 'Eggs', 'Cheese', 'Salt', 'Cornflakes', 'Potatoes', 'Bread', 'Let’s Try Peri Peri Makhana']"
t228,"['Chicken', 'Olive Oil', 'Milk', 'Tomatoes', 'Tata Salt', 'Conditioner', 'Juice', 'Eggs', 'Balaji Masala Masti Chips', 'Salt', 'Butter', 'Nivea Body Lotion', 'Rice', 'Crystal Large Garbage Bag', 'Capsicum']"
t229,"['Tomatoes', 'Vaseline Petroleum Jelly', 'Shampoo', 'Juice', 'Eggs', 'Fish', 'Butter', 'Protein Powder', 'Face Wash', 'Rice', 'Curtains', 'Lay’s India’s Magic Masala', 'Bread', 'Pillow Cover']"
t230,"['Tomatoes', 'Milk', 'Soap', 'Conditioner', 'MDH Chaat Masala', 'Fortune Sunlite Refined Oil', 'Juice', 'Toothpaste', 'Cornflakes', 'Capsicum']"
t231,"['Shampoo', 'Toothpaste', 'Eggs', 'Juice', 'Spinach', 'Face Wash', 'Rice', 'Himalaya Face Wash']"
t232,"['Tomatoes', 'Milk', 'Shampoo', 'Juice', 'Cheese', 'Ariel Liquid Detergent', 'Butter', 'Rice', 'Bread', 'Capsicum', 'Let’s Try Peri Peri Makhana']"
t233,"['Milk', 'Conditioner', 'Carrots', 'Aloo Bhujia', 'Juice', 'Eggs', 'Toothpaste', 'Colgate Toothpaste', 'Fortune Sunlite Refined Oil', 'Salt', 'Butter', 'Cornflakes', 'Capsicum', 'Fresh Apples']"
t234,"['Milk', 'Conditioner', 'Toothpaste', 'Eggs', 'Butter', 'Cornflakes', 'Maggi Instant Noodles', 'Crystal Large Garbage Bag', 'Himalaya Face Wash', 'Colin Glass Cleaner']"
t235,"['Tomatoes', 'Everest Garam Masala', 'Soap', 'Vaseline Petroleum Jelly', 'Shampoo', 'Conditioner', 'Organic Honey', 'Dove Shampoo', 'Fortune Sunlite Refined Oil', 'Eggs', 'Fish', 'Bread', 'Lay’s American Cream & Onion']"
t236,"['Chicken', 'Soap', 'Tata Salt', 'Shampoo', 'Juice', 'Pantene Conditioner', 'Cheese', 'Bananas', 'Bread', 'Capsicum']"
t237,"['Red Label Tea', 'Milk', 'Tata Premium Tea', 'Toothpaste', 'Juice', 'Cheese', 'Protein Powder', 'Cornflakes', 'Potatoes', 'Bread', 'Capsicum', 'Ashirvaad Whole Wheat Atta', 'Colin Glass Cleaner']"
t238,"['Chicken', 'Soap', 'Tata Salt', 'Shampoo', 'Juice', 'Pantene Conditioner', 'India Gate Basmati Rice', 'Butter', 'Bread', 'Capsicum']"
t239,"['Tomatoes', 'Everest Garam Masala', 'Milk', 'Shampoo', 'Conditioner', 'Carrots', 'MDH Chaat Masala', 'Toothpaste', 'Fish', 'Butter', 'Protein Powder', 'Rice', 'Cornflakes', 'Bread', 'Fresh Apples']"
t240,"['Tomatoes', 'Milk', 'Shampoo', 'Dove Shampoo', 'Cheese', 'Fish', 'Salt', 'Butter', 'Potatoes', 'Lay’s India’s Magic Masala', 'Bread']"
t241,"['Chicken', 'Tata Salt', 'Shampoo', 'Conditioner', 'Bedsheet Double Bed', 'Cornflakes', 'Capsicum', 'Comfort After Wash']"
t242,"['Everest Garam Masala', 'Conditioner', 'Ariel Liquid Detergent', 'Fish', 'Nescafe Gold Blend Rich and Smooth Coffee', 'Face Wash', 'Rice', 'Bread', 'Himalaya Face Wash', 'Fresh Apples']"
t243,"['Chicken', 'Milk', 'Chia Seeds', 'Dettol Hand Wash', 'Cheese', 'Salt', 'Butter', 'Face Wash', 'Rice', 'Bread', 'Lay’s American Cream & Onion', 'Ashirvaad Whole Wheat Atta', 'Colin Glass Cleaner', 'Pillow Cover']"
t244,"['Tomatoes', 'Everest Garam Masala', 'Milk', 'Soap', 'Shampoo', 'Colgate Toothpaste', 'Nescafe Gold Blend Rich and Smooth Coffee', 'Cornflakes', 'Bread']"
t245,"['Milk', 'Soap', 'Shampoo', 'Juice', 'Eggs', 'Cheese', 'Spinach', 'Salt', 'Face Wash', 'Bread', 'Capsicum', 'Let’s Try Peri Peri Makhana']"
t246,"['Tomatoes', 'Chicken', 'Milk', 'Almonds', 'Carrots', 'Juice', 'Eggs', 'Nescafe Gold Blend Rich and Smooth Coffee', 'Face Wash', 'Rice', 'Cornflakes', 'Nivea Body Lotion', 'Bread']"
t247,"['Tomatoes', 'Olive Oil', 'Milk', 'Conditioner', 'Fish', 'Nescafe Gold Blend Rich and Smooth Coffee', 'Rice', 'Cornflakes', 'Curtains', 'Lay’s India’s Magic Masala', 'Potatoes', 'Bread']"
t248,"['Tomatoes', 'Everest Garam Masala', 'Soap', 'Shampoo', 'Aloo Bhujia', 'Eggs', 'Balaji Masala Masti Chips', 'Butter', 'Potatoes', 'Bread']"
t249,"['Chicken', 'Milk', 'Chia Seeds', 'Dove Shampoo', 'Juice', 'Eggs', 'Cheese', 'Spinach', 'Pantene Conditioner', 'Salt', 'Energy Drink', 'Rice', 'Onions', 'Bread', 'Capsicum', 'Let’s Try Peri Peri Makhana']"
t250,"['Tomatoes', 'Olive Oil', 'Soap', 'Dove Shampoo', 'Juice', 'Eggs', 'Toothpaste', 'Colgate Toothpaste', 'Salt', 'Face Wash', 'Rice', 'Bread', 'Capsicum', 'Origami Tissue Paper']"
t251,"['Olive Oil', 'Shampoo', 'Conditioner', 'Carrots', 'Toothpaste', 'Eggs', 'Juice', 'Salt', 'Butter', 'Lay’s American Cream & Onion', 'Bread', 'Capsicum']"
t252,"['Chicken', 'Milk', 'Vaseline Petroleum Jelly', 'Shampoo', 'Conditioner', 'Juice', 'Colgate Toothpaste', 'Cheese', 'Spinach', 'Salt', 'Maggi Instant Noodles', 'Onions', 'Capsicum']"
t253,"['Red Label Tea', 'Tomatoes', 'Tata Salt', 'Conditioner', 'Juice', 'Eggs', 'Cheese', 'Cornflakes', 'Bananas', 'Capsicum', 'Let’s Try Peri Peri Makhana']"
t254,"['Soap', 'Vaseline Petroleum Jelly', 'Shampoo', 'Dove Shampoo', 'Eggs', 'Fish', 'Butter', 'Cornflakes', 'Capsicum', 'Let’s Try Peri Peri Makhana']"
t255,"['Tomatoes', 'Milk', 'Soap', 'Conditioner', 'Dove Shampoo', 'Juice', 'Face Wash', 'Rice', 'Capsicum', 'Comfort After Wash']"
t256,"['Tomatoes', 'Milk', 'Dove Shampoo', 'Juice', 'Eggs', 'Fish', 'Salt', 'Bedsheet Double Bed', 'Face Wash', 'Rice', 'Maggi Instant Noodles', 'Bread', 'Himalaya Face Wash']"
t257,"['Shampoo', 'Juice', 'Eggs', 'Cheese', 'Colgate Toothpaste', 'Rice', 'Cornflakes', 'Bread', 'Ashirvaad Whole Wheat Atta']"
t258,"['Chicken', 'Shampoo', 'Cheese', 'Fish', 'Salt', 'Butter', 'Nivea Body Lotion', 'Rice', 'Lay’s India’s Magic Masala', 'Origami Tissue Paper', 'Comfort After Wash']"
t259,"['Tomatoes', 'Aloo Bhujia', 'Juice', 'Eggs', 'Fish', 'Balaji Masala Masti Chips', 'Butter', 'Bread', 'Capsicum', 'Colin Glass Cleaner']"
t260,"['Chicken', 'Milk', 'Shampoo', 'Fortune Sunlite Refined Oil', 'MDH Chaat Masala', 'Juice', 'Ariel Liquid Detergent', 'Butter', 'Crystal Large Garbage Bag', 'Bread', 'Capsicum', 'Colin Glass Cleaner']"
t261,"['Tomatoes', 'Milk', 'Vaseline Petroleum Jelly', 'Conditioner', 'Dove Shampoo', 'India Gate Basmati Rice', 'Eggs', 'Cheese', 'Fish', 'Butter', 'Energy Drink', 'Rice', 'Saffron', 'Bread']"
t262,"['Shampoo', 'Juice', 'Eggs', 'Fish', 'Salt', 'Bananas', 'Onions', 'Everest Garam Masala', 'Comfort After Wash']"
t263,"['Tomatoes', 'Chicken', 'Milk', 'Aloo Bhujia', 'Toothpaste', 'Eggs', 'India Gate Basmati Rice', 'Fish', 'Salt', 'Rice', 'Cornflakes', 'Bananas', 'Capsicum']"
t264,"['Tomatoes', 'Shampoo', 'Conditioner', 'Toothpaste', 'Fish', 'Salt', 'Rice', 'Crystal Large Garbage Bag', 'HIT Crawling Insect Killer', 'Capsicum', 'Origami Tissue Paper', 'Let’s Try Peri Peri Makhana']"
t265,"['Chicken', 'Milk', 'Vaseline Petroleum Jelly', 'Shampoo', 'Conditioner', 'Tata Premium Tea', 'Eggs', 'Fish', 'Salt', 'Energy Drink', 'Rice', 'Curtains']"
t266,"['Tomatoes', 'Chicken', 'Milk', 'Soap', 'Conditioner', 'Dove Shampoo', 'Colgate Toothpaste', 'Butter', 'Energy Drink', 'Cornflakes', 'Saffron', 'Bread', 'Capsicum', 'Let’s Try Peri Peri Makhana']"
t267,"['Tomatoes', 'Conditioner', 'Organic Honey', 'Butter', 'Face Wash', 'Potatoes', 'Bread', 'Colin Glass Cleaner']"
t268,"['Tomatoes', 'Chicken', 'Milk', 'Soap', 'Tata Salt', 'Shampoo', 'Conditioner', 'Cheese', 'Balaji Masala Masti Chips', 'Rice', 'Cornflakes', 'Crystal Large Garbage Bag', 'Lay’s India’s Magic Masala', 'Bread', 'Lay’s American Cream & Onion']"
t269,"['Chicken', 'Milk', 'Shampoo', 'Conditioner', 'Ariel Liquid Detergent', 'Salt', 'Butter', 'Energy Drink', 'Nivea Body Lotion', 'Rice', 'Cornflakes', 'Maggi Instant Noodles', 'Saffron', 'Bread', 'Let’s Try Peri Peri Makhana']"
t270,"['Soap', 'Shampoo', 'Conditioner', 'Toothpaste', 'India Gate Basmati Rice', 'Salt', 'Cornflakes', 'Maggi Instant Noodles', 'Capsicum', 'Fresh Apples']"
t271,"['Everest Garam Masala', 'Milk', 'Soap', 'Shampoo', 'Conditioner', 'Carrots', 'Cheese', 'Salt', 'Face Wash', 'Elegant Weavers Doormat', 'Onions', 'Bread', 'Capsicum']"
t272,"['Tomatoes', 'Juice', 'Nivea Body Lotion', 'Cornflakes', 'Rice', 'Maggi Instant Noodles', 'Bread']"
t273,"['Tomatoes', 'Chicken', 'Almonds', 'Fish', 'Bedsheet Double Bed', 'Maggi Instant Noodles', 'Curtains', 'Saffron', 'Bread', 'Capsicum']"
t274,"['Red Label Tea', 'Tomatoes', 'Chicken', 'Shampoo', 'Conditioner', 'Aloo Bhujia', 'Ariel Liquid Detergent', 'Nescafe Gold Blend Rich and Smooth Coffee', 'Cornflakes']"
t275,"['Red Label Tea', 'Soap', 'Dettol Hand Wash', 'Colgate Toothpaste', 'Fish', 'Salt', 'Butter', 'Nivea Body Lotion', 'Rice', 'Maggi Instant Noodles', 'Bread', 'Capsicum']"
t276,"['Chicken', 'Milk', 'Spinach', 'Salt', 'Butter', 'Bread', 'Capsicum', 'Ashirvaad Whole Wheat Atta', 'Pillow Cover']"
t277,"['Tomatoes', 'Chicken', 'Chia Seeds', 'Almonds', 'Tata Premium Tea', 'Juice', 'Eggs', 'Salt', 'Rice', 'Comfort After Wash']"
t278,"['Red Label Tea', 'Tomatoes', 'Chicken', 'Milk', 'Chia Seeds', 'Tata Salt', 'Shampoo', 'Conditioner', 'Tata Premium Tea', 'Juice', 'Eggs', 'Pantene Conditioner', 'Fish', 'Energy Drink', 'Cornflakes', 'Capsicum', 'Comfort After Wash']"
t279,"['Chicken', 'Conditioner', 'Carrots', 'Tata Premium Tea', 'Cheese', 'Fish', 'Salt', 'Butter', 'Bread', 'Capsicum']"
t280,"['Milk', 'Almonds', 'Eggs', 'Fish', 'Salt', 'Butter', 'Energy Drink', 'HIT Crawling Insect Killer', 'Capsicum', 'Pillow Cover']"
t281,"['Chicken', 'Tomatoes', 'Milk', 'Soap', 'Dettol Hand Wash', 'Conditioner', 'Toothpaste', 'Ariel Liquid Detergent', 'Fish', 'Energy Drink', 'Nivea Body Lotion', 'Rice']"
t282,"['Tomatoes', 'Milk', 'Chia Seeds', 'Shampoo', 'Conditioner', 'Colgate Toothpaste', 'Eggs', 'Cheese', 'Fish', 'Pantene Conditioner', 'Bedsheet Double Bed', 'Energy Drink', 'Face Wash', 'Nivea Body Lotion', 'HIT Crawling Insect Killer', 'Capsicum']"
t283,"['Red Label Tea', 'Chicken', 'Vaseline Petroleum Jelly', 'Conditioner', 'Tata Premium Tea', 'Toothpaste', 'Eggs', 'Salt', 'Butter', 'Rice', 'Elegant Weavers Doormat', 'Capsicum', 'Colin Glass Cleaner']"
t284,"['Tomatoes', 'Olive Oil', 'Soap', 'Shampoo', 'Juice', 'Eggs', 'Bedsheet Double Bed', 'Elegant Weavers Doormat', 'Curtains']"
t285,"['Tomatoes', 'Olive Oil', 'Milk', 'Soap', 'Vaseline Petroleum Jelly', 'Dettol Hand Wash', 'Conditioner', 'MDH Chaat Masala', 'Eggs', 'Balaji Masala Masti Chips', 'Butter', 'Saffron', 'Bread']"
t286,"['Milk', 'Soap', 'Shampoo', 'Conditioner', 'Toothpaste', 'Face Wash', 'Cornflakes', 'Lay’s American Cream & Onion', 'Capsicum', 'Origami Tissue Paper', 'Pillow Cover']"
t287,"['Chicken', 'Tomatoes', 'Milk', 'Dettol Hand Wash', 'Shampoo', 'Tata Premium Tea', 'Nescafe Gold Blend Rich and Smooth Coffee', 'Bedsheet Double Bed', 'Face Wash', 'Cornflakes', 'Potatoes', 'Capsicum']"
t288,"['Milk', 'Soap', 'Shampoo', 'Tata Premium Tea', 'Eggs', 'Cheese', 'Face Wash', 'Lay’s India’s Magic Masala', 'Bread', 'Lay’s American Cream & Onion', 'Fresh Apples']"
t289,"['Chicken', 'Shampoo', 'Carrots', 'Juice', 'Nescafe Gold Blend Rich and Smooth Coffee', 'Rice', 'Curtains', 'Bread', 'Lay’s American Cream & Onion']"
t290,"['Milk', 'Shampoo', 'Conditioner', 'Dove Shampoo', 'Juice', 'Eggs', 'Cheese', 'Pantene Conditioner', 'Butter', 'Nivea Body Lotion', 'Rice', 'Bread']"
t291,"['Tomatoes', 'Chicken', 'Everest Garam Masala', 'Conditioner', 'Toothpaste', 'Eggs', 'Salt', 'Bedsheet Double Bed', 'Crystal Large Garbage Bag', 'Onions', 'Bread', 'Capsicum', 'Himalaya Face Wash']"
t292,"['Olive Oil', 'Everest Garam Masala', 'Toothpaste', 'Eggs', 'Juice', 'Salt', 'Lay’s India’s Magic Masala', 'Bread', 'Capsicum', 'Himalaya Face Wash']"
t293,"['Chicken', 'Soap', 'Vaseline Petroleum Jelly', 'Shampoo', 'Conditioner', 'Eggs', 'Cornflakes', 'Bread', 'Capsicum', 'Colin Glass Cleaner']"
t294,"['Red Label Tea', 'Soap', 'Shampoo', 'Fortune Sunlite Refined Oil', 'Juice', 'India Gate Basmati Rice', 'Salt', 'Face Wash', 'Cornflakes', 'Lay’s American Cream & Onion', 'Bread', 'Capsicum']"
t295,"['Tomatoes', 'Chicken', 'Milk', 'Dettol Hand Wash', 'Shampoo', 'Conditioner', 'Toothpaste', 'Bedsheet Double Bed', 'Crystal Large Garbage Bag', 'Bread', 'Capsicum']"
t296,"['Soap', 'Tata Salt', 'Conditioner', 'Dove Shampoo', 'Toothpaste', 'Eggs', 'Face Wash', 'Rice', 'Cornflakes', 'Elegant Weavers Doormat', 'Capsicum', 'Ashirvaad Whole Wheat Atta']"
t297,"['Chicken', 'Milk', 'Soap', 'Shampoo', 'Juice', 'Eggs', 'Colgate Toothpaste', 'Salt', 'Bread', 'Comfort After Wash']"
t298,"['Tomatoes', 'Shampoo', 'Conditioner', 'Aloo Bhujia', 'Juice', 'Eggs', 'India Gate Basmati Rice', 'Salt', 'Butter', 'Nivea Body Lotion', 'Bananas']"
t299,"['Red Label Tea', 'Olive Oil', 'Shampoo', 'Conditioner', 'Dove Shampoo', 'Juice', 'Eggs', 'Ariel Liquid Detergent', 'Bedsheet Double Bed', 'Rice', 'Cornflakes', 'Bread']"
t300,"['Red Label Tea', 'Soap', 'Conditioner', 'Juice', 'Cheese', 'Salt', 'Butter', 'Everest Garam Masala', 'Capsicum', 'Comfort After Wash']"
t301,"['Milk', 'Soap', 'Shampoo', 'Conditioner', 'Tata Premium Tea', 'Juice', 'Ariel Liquid Detergent', 'Fish', 'Salt', 'Bananas', 'Bread', 'Himalaya Face Wash', 'Pillow Cover']"
t302,"['Chicken', 'Soap', 'Conditioner', 'Tata Premium Tea', 'Pantene Conditioner', 'Colgate Toothpaste', 'Butter', 'Rice', 'Cornflakes', 'Bread', 'Capsicum']"
t303,"['Tomatoes', 'Milk', 'MDH Chaat Masala', 'Eggs', 'Cheese', 'Face Wash', 'Cornflakes', 'Elegant Weavers Doormat', 'Capsicum']"
t304,"['Tomatoes', 'Shampoo', 'Tata Premium Tea', 'Eggs', 'Cheese', 'Spinach', 'Salt', 'Butter', 'Lay’s India’s Magic Masala']"
t305,"['Chicken', 'Olive Oil', 'Milk', 'Vaseline Petroleum Jelly', 'Shampoo', 'Toothpaste', 'Eggs', 'Butter', 'Bread', 'Capsicum', 'Himalaya Face Wash']"
t306,"['Olive Oil', 'Soap', 'Shampoo', 'Conditioner', 'Balaji Masala Masti Chips', 'Salt', 'Face Wash', 'Rice', 'Capsicum', 'Colin Glass Cleaner']"
t307,"['Shampoo', 'Carrots', 'Fortune Sunlite Refined Oil', 'Juice', 'Butter', 'Rice', 'Bread', 'Capsicum']"
t308,"['Chicken', 'Shampoo', 'Conditioner', 'Organic Honey', 'Almonds', 'Aloo Bhujia', 'Juice', 'Eggs', 'Face Wash', 'Cornflakes', 'Bread', 'Capsicum', 'Let’s Try Peri Peri Makhana', 'Colin Glass Cleaner']"
t309,"['Tomatoes', 'Milk', 'Dettol Hand Wash', 'Carrots', 'India Gate Basmati Rice', 'Pantene Conditioner', 'Butter', 'Face Wash', 'Cornflakes', 'Rice']"
t310,"['Red Label Tea', 'Tomatoes', 'Chicken', 'Vaseline Petroleum Jelly', 'Almonds', 'Fish', 'Nescafe Gold Blend Rich and Smooth Coffee', 'Bread', 'Capsicum']"
t311,"['Red Label Tea', 'Milk', 'Shampoo', 'Tata Premium Tea', 'Toothpaste', 'Eggs', 'Fish', 'Salt', 'Butter', 'Nivea Body Lotion', 'Cornflakes', 'HIT Crawling Insect Killer', 'Bread', 'Capsicum', 'Ashirvaad Whole Wheat Atta']"
t312,"['Red Label Tea', 'Tomatoes', 'Vaseline Petroleum Jelly', 'Aloo Bhujia', 'Toothpaste', 'Cheese', 'Butter', 'Rice', 'Bread', 'Capsicum', 'Comfort After Wash']"
t313,"['Milk', 'Tata Salt', 'Toothpaste', 'Eggs', 'Cheese', 'Fish', 'Nescafe Gold Blend Rich and Smooth Coffee', 'Rice', 'Bread', 'Capsicum', 'Colin Glass Cleaner']"
t314,"['Milk', 'Shampoo', 'Juice', 'Spinach', 'Nescafe Gold Blend Rich and Smooth Coffee', 'Face Wash', 'Rice', 'Cornflakes', 'Capsicum', 'Himalaya Face Wash']"
t315,"['Chicken', 'Milk', 'Shampoo', 'Aloo Bhujia', 'Eggs', 'Cheese', 'Ariel Liquid Detergent', 'Bread', 'Capsicum']"
t316,"['Tomatoes', 'Soap', 'Shampoo', 'Aloo Bhujia', 'Juice', 'Ariel Liquid Detergent', 'Rice', 'Cornflakes']"
t317,"['Milk', 'Soap', 'Toothpaste', 'Pantene Conditioner', 'Colgate Toothpaste', 'Salt', 'Face Wash', 'Nivea Body Lotion', 'Crystal Large Garbage Bag', 'Bread', 'Himalaya Face Wash']"
t318,"['Chicken', 'Shampoo', 'Conditioner', 'Aloo Bhujia', 'Dove Shampoo', 'Tata Premium Tea', 'Cheese', 'Salt', 'Rice', 'Bananas', 'Capsicum']"
t319,"['Milk', 'Soap', 'Conditioner', 'Juice', 'Toothpaste', 'Butter', 'Curtains', 'Capsicum', 'Comfort After Wash', 'Pillow Cover']"
t320,"['Tomatoes', 'Everest Garam Masala', 'Conditioner', 'Dove Shampoo', 'Juice', 'Cheese', 'Salt', 'Face Wash', 'Rice', 'Bread', 'Capsicum', 'Colin Glass Cleaner']"
t321,"['Tomatoes', 'Chicken', 'Carrots', 'Tata Premium Tea', 'Eggs', 'Ariel Liquid Detergent', 'Fish', 'Salt', 'Butter', 'Rice', 'Cornflakes', 'HIT Crawling Insect Killer', 'Capsicum']"
t322,"['Tomatoes', 'Chicken', 'Milk', 'Shampoo', 'Conditioner', 'Aloo Bhujia', 'Tata Premium Tea', 'Toothpaste', 'Colgate Toothpaste', 'Cheese', 'Salt', 'Face Wash', 'Bread']"
t323,"['Tomatoes', 'Olive Oil', 'Chia Seeds', 'Shampoo', 'Toothpaste', 'Eggs', 'Face Wash', 'Lay’s American Cream & Onion', 'Let’s Try Peri Peri Makhana']"
t324,"['Tomatoes', 'Chicken', 'Shampoo', 'Conditioner', 'Toothpaste', 'Eggs', 'Cheese', 'Balaji Masala Masti Chips', 'Cornflakes', 'Crystal Large Garbage Bag', 'Capsicum']"
t325,"['Fortune Sunlite Refined Oil', 'Juice', 'Butter', 'Bedsheet Double Bed', 'Cornflakes', 'Rice', 'Bread', 'Capsicum']"
t326,"['Tomatoes', 'Vaseline Petroleum Jelly', 'Shampoo', 'Juice', 'Eggs', 'Butter', 'Rice', 'Curtains', 'Everest Garam Masala']"
t327,"['Tomatoes', 'Milk', 'Vaseline Petroleum Jelly', 'Juice', 'Fish', 'Protein Powder', 'Cornflakes', 'Rice', 'Lay’s American Cream & Onion']"
t328,"['Tomatoes', 'Milk', 'Shampoo', 'Conditioner', 'Almonds', 'Fortune Sunlite Refined Oil', 'Toothpaste', 'Fish', 'Salt', 'Energy Drink', 'Cornflakes', 'Capsicum', 'Ashirvaad Whole Wheat Atta', 'Comfort After Wash']"
t329,"['Shampoo', 'Conditioner', 'Toothpaste', 'Eggs', 'Salt', 'Bedsheet Double Bed', 'Face Wash', 'Rice', 'Bread', 'Capsicum', 'Origami Tissue Paper']"
t330,"['Chicken', 'Tomatoes', 'Everest Garam Masala', 'Vaseline Petroleum Jelly', 'Carrots', 'Toothpaste', 'Eggs', 'Spinach', 'Fish', 'Butter', 'Protein Powder', 'Energy Drink', 'Potatoes', 'Bread']"
t331,"['Soap', 'Shampoo', 'Conditioner', 'Fish', 'Salt', 'Butter', 'Cornflakes', 'Crystal Large Garbage Bag', 'Onions', 'Bread']"
t332,"['Tomatoes', 'Soap', 'Shampoo', 'Conditioner', 'Juice', 'Eggs', 'Salt', 'Butter', 'Crystal Large Garbage Bag', 'Lay’s American Cream & Onion', 'Everest Garam Masala', 'Capsicum', 'Colin Glass Cleaner', 'Pillow Cover']"
t333,"['Tomatoes', 'Milk', 'Soap', 'MTR Ready-to-Eat Poha', 'Shampoo', 'Conditioner', 'Juice', 'Salt', 'Lay’s India’s Magic Masala', 'Capsicum']"
t334,"['Tomatoes', 'Chicken', 'Conditioner', 'Eggs', 'Cheese', 'Ariel Liquid Detergent', 'Nescafe Gold Blend Rich and Smooth Coffee', 'Salt', 'Bedsheet Double Bed', 'Rice', 'Cornflakes', 'Lay’s India’s Magic Masala', 'Bread', 'Colin Glass Cleaner']"
t335,"['Tomatoes', 'Milk', 'Soap', 'Tata Salt', 'Vaseline Petroleum Jelly', 'Almonds', 'Conditioner', 'Eggs', 'Fish', 'Bedsheet Double Bed', 'Face Wash', 'Rice', 'Cornflakes', 'Bread']"
t336,"['Chicken', 'Conditioner', 'Carrots', 'Toothpaste', 'Pantene Conditioner', 'Cheese', 'Fish', 'Salt', 'Rice', 'Lay’s India’s Magic Masala', 'Bread']"
t337,"['Chicken', 'Shampoo', 'Conditioner', 'MDH Chaat Masala', 'Toothpaste', 'India Gate Basmati Rice', 'Fish', 'Nescafe Gold Blend Rich and Smooth Coffee', 'Butter', 'Protein Powder', 'Maggi Instant Noodles', 'Bread', 'Fresh Apples']"
t338,"['Vaseline Petroleum Jelly', 'Shampoo', 'MDH Chaat Masala', 'Eggs', 'Cheese', 'Fish', 'Bedsheet Double Bed', 'Face Wash', 'Rice', 'Bread', 'Capsicum', 'Let’s Try Peri Peri Makhana']"
t339,"['Red Label Tea', 'Tomatoes', 'Soap', 'Conditioner', 'Toothpaste', 'Salt', 'Rice', 'HIT Crawling Insect Killer', 'Bread', 'Comfort After Wash', 'Pillow Cover']"
t340,"['Tomatoes', 'Conditioner', 'Organic Honey', 'Toothpaste', 'Eggs', 'Juice', 'Salt', 'Face Wash', 'Crystal Large Garbage Bag', 'Bread', 'Capsicum', 'Pillow Cover']"
t341,"['Milk', 'Soap', 'MTR Ready-to-Eat Poha', 'Shampoo', 'Eggs', 'Cheese', 'Fish', 'Face Wash', 'Rice', 'Bananas', 'Lay’s India’s Magic Masala', 'Everest Garam Masala', 'Capsicum', 'Fresh Apples']"
t342,"['Shampoo', 'Organic Honey', 'MDH Chaat Masala', 'Dove Shampoo', 'Juice', 'Eggs', 'Cheese', 'Toothpaste', 'Fortune Sunlite Refined Oil', 'Salt', 'Protein Powder', 'Face Wash', 'Bread']"
t343,"['Olive Oil', 'Chia Seeds', 'Shampoo', 'Fortune Sunlite Refined Oil', 'Fish', 'Salt', 'Butter', 'Rice', 'Elegant Weavers Doormat', 'Everest Garam Masala', 'Comfort After Wash', 'Colin Glass Cleaner']"
t344,"['Tomatoes', 'Milk', 'Soap', 'Shampoo', 'Toothpaste', 'Eggs', 'Juice', 'Fish', 'India Gate Basmati Rice', 'Salt', 'Protein Powder', 'Rice', 'Crystal Large Garbage Bag', 'Curtains', 'Bread', 'Fresh Apples']"
t345,"['Milk', 'Soap', 'Vaseline Petroleum Jelly', 'Shampoo', 'Conditioner', 'Organic Honey', 'Juice', 'Eggs', 'India Gate Basmati Rice', 'Face Wash', 'Nivea Body Lotion', 'Bread', 'Capsicum']"
t346,"['Red Label Tea', 'Milk', 'Shampoo', 'Organic Honey', 'Juice', 'Eggs', 'Cheese', 'Ariel Liquid Detergent', 'Salt', 'Protein Powder', 'Rice', 'Cornflakes', 'Bread']"
t347,"['Milk', 'Conditioner', 'Fish', 'Salt', 'HIT Crawling Insect Killer', 'Energy Drink', 'Cornflakes', 'Bananas', 'Saffron', 'Capsicum']"
t348,"['Tomatoes', 'Chicken', 'Milk', 'MTR Ready-to-Eat Poha', 'Almonds', 'Conditioner', 'Toothpaste', 'Eggs', 'Salt', 'Butter', 'Cornflakes', 'Elegant Weavers Doormat', 'Capsicum', 'Ashirvaad Whole Wheat Atta']"
t349,"['Chicken', 'Milk', 'Soap', 'Tata Salt', 'MTR Ready-to-Eat Poha', 'Nescafe Gold Blend Rich and Smooth Coffee', 'Salt', 'Rice', 'Bread', 'Pillow Cover']"
t350,"['Tomatoes', 'Olive Oil', 'Milk', 'Tata Salt', 'Shampoo', 'Conditioner', 'Cheese', 'Balaji Masala Masti Chips', 'Face Wash', 'Bread', 'Origami Tissue Paper']"
t351,"['Tomatoes', 'Shampoo', 'Juice', 'Eggs', 'Butter', 'Crystal Large Garbage Bag', 'Bread', 'Lay’s American Cream & Onion', 'Colin Glass Cleaner']"
t352,"['Tomatoes', 'Fish', 'Salt', 'Protein Powder', 'Energy Drink', 'Cornflakes', 'Maggi Instant Noodles', 'Lay’s India’s Magic Masala', 'Bread', 'Comfort After Wash']"
t353,"['Tomatoes', 'Chicken', 'Milk', 'Soap', 'Conditioner', 'Eggs', 'Fish', 'Salt', 'Rice', 'Cornflakes', 'Lay’s India’s Magic Masala', 'Colin Glass Cleaner']"
t354,"['Tomatoes', 'Milk', 'Juice', 'Eggs', 'Cheese', 'Salt', 'Butter', 'Nivea Body Lotion', 'Potatoes', 'Lay’s India’s Magic Masala', 'Bread', 'Capsicum']"
t355,"['Tomatoes', 'Soap', 'Shampoo', 'Eggs', 'Fish', 'Energy Drink', 'Face Wash', 'Rice', 'Saffron', 'Capsicum']"
t356,"['Tomatoes', 'Milk', 'Conditioner', 'Fortune Sunlite Refined Oil', 'Tata Premium Tea', 'Juice', 'Toothpaste', 'Salt', 'Potatoes', 'Everest Garam Masala', 'Capsicum']"
t357,"['Tomatoes', 'Chicken', 'Chia Seeds', 'Conditioner', 'Organic Honey', 'Ariel Liquid Detergent', 'Butter', 'Salt', 'Face Wash', 'Rice', 'Cornflakes', 'HIT Crawling Insect Killer', 'Pillow Cover']"
t358,"['Chicken', 'Olive Oil', 'Milk', 'Soap', 'Dettol Hand Wash', 'Toothpaste', 'Eggs', 'Cheese', 'Colgate Toothpaste', 'Ariel Liquid Detergent', 'Salt', 'Protein Powder']"
t359,"['Conditioner', 'Toothpaste', 'Eggs', 'Cheese', 'Salt', 'Rice', 'Cornflakes', 'Bread', 'Origami Tissue Paper', 'Colin Glass Cleaner']"
t360,"['Olive Oil', 'Chia Seeds', 'Vaseline Petroleum Jelly', 'Conditioner', 'Toothpaste', 'Eggs', 'Cheese', 'Fish', 'Salt', 'Rice', 'Capsicum', 'Comfort After Wash', 'Colin Glass Cleaner']"
t361,"['Milk', 'Almonds', 'Organic Honey', 'Toothpaste', 'Eggs', 'Ariel Liquid Detergent', 'Fish', 'Salt', 'Rice', 'Elegant Weavers Doormat', 'Capsicum', 'Himalaya Face Wash', 'Pillow Cover']"
t362,"['Tomatoes', 'Chicken', 'Milk', 'Soap', 'Chia Seeds', 'Tata Salt', 'Almonds', 'Conditioner', 'Juice', 'Salt', 'Crystal Large Garbage Bag', 'Lay’s India’s Magic Masala', 'Bread', 'Capsicum']"
t363,"['Red Label Tea', 'Tomatoes', 'Conditioner', 'Fortune Sunlite Refined Oil', 'Carrots', 'Juice', 'Toothpaste', 'Cheese', 'Salt', 'Butter', 'Rice', 'Saffron', 'Bread', 'Capsicum', 'Himalaya Face Wash', 'Ashirvaad Whole Wheat Atta']"
t364,"['Tomatoes', 'Tata Salt', 'Shampoo', 'Toothpaste', 'Eggs', 'Ariel Liquid Detergent', 'Cornflakes', 'Maggi Instant Noodles', 'Capsicum']"
t365,"['Chicken', 'Milk', 'Eggs', 'Balaji Masala Masti Chips', 'Salt', 'Butter', 'Face Wash', 'Bread', 'Himalaya Face Wash']"
t366,"['Red Label Tea', 'Milk', 'Dettol Hand Wash', 'Shampoo', 'Conditioner', 'Juice', 'Pantene Conditioner', 'Fish', 'Salt', 'Protein Powder', 'Rice', 'Capsicum', 'Origami Tissue Paper', 'Fresh Apples']"
t367,"['Chia Seeds', 'Conditioner', 'MDH Chaat Masala', 'Eggs', 'Fish', 'Energy Drink', 'Face Wash', 'Rice', 'Capsicum', 'Let’s Try Peri Peri Makhana', 'Colin Glass Cleaner']"
t368,"['Chicken', 'MTR Ready-to-Eat Poha', 'Shampoo', 'Conditioner', 'Juice', 'Fish', 'Cornflakes', 'Elegant Weavers Doormat', 'Bread']"
t369,"['Red Label Tea', 'Tomatoes', 'Milk', 'Soap', 'Almonds', 'Toothpaste', 'Pantene Conditioner', 'Salt', 'Cornflakes', 'Lay’s American Cream & Onion', 'Onions', 'HIT Crawling Insect Killer', 'Capsicum']"
t370,"['Everest Garam Masala', 'Milk', 'Soap', 'Eggs', 'Ariel Liquid Detergent', 'Salt', 'Face Wash', 'Crystal Large Garbage Bag', 'Lay’s American Cream & Onion', 'Bread', 'Capsicum']"
t371,"['Tomatoes', 'Chicken', 'Milk', 'Everest Garam Masala', 'Conditioner', 'Butter', 'Energy Drink', 'Face Wash', 'Rice', 'Cornflakes', 'Maggi Instant Noodles', 'Bread']"
t372,"['Tomatoes', 'Dettol Hand Wash', 'Shampoo', 'Carrots', 'Toothpaste', 'Eggs', 'Cheese', 'Bedsheet Double Bed', 'Protein Powder', 'Rice', 'Cornflakes', 'Saffron', 'Capsicum', 'Himalaya Face Wash', 'Fresh Apples']"
t373,"['Tomatoes', 'Chicken', 'Conditioner', 'Carrots', 'Pantene Conditioner', 'Eggs', 'Cheese', 'Nescafe Gold Blend Rich and Smooth Coffee', 'Salt', 'Crystal Large Garbage Bag', 'Fresh Apples']"
t374,"['Tomatoes', 'Chicken', 'Milk', 'MDH Chaat Masala', 'Toothpaste', 'Eggs', 'Spinach', 'Protein Powder', 'Maggi Instant Noodles', 'Onions', 'Bread', 'Capsicum']"
t375,"['Chicken', 'Milk', 'Soap', 'Chia Seeds', 'Shampoo', 'Conditioner', 'Juice', 'Eggs', 'Pantene Conditioner', 'Salt', 'Energy Drink', 'Cornflakes', 'Maggi Instant Noodles', 'Bread', 'Himalaya Face Wash']"
t376,"['Milk', 'Shampoo', 'Conditioner', 'Carrots', 'MDH Chaat Masala', 'Salt', 'Butter', 'Cornflakes', 'Bread', 'Capsicum', 'Fresh Apples']"
t377,"['Chicken', 'Tata Salt', 'Conditioner', 'Organic Honey', 'Fortune Sunlite Refined Oil', 'Toothpaste', 'Eggs', 'Fish', 'Butter', 'Energy Drink', 'Rice', 'Origami Tissue Paper', 'Pillow Cover']"
t378,"['Tomatoes', 'Soap', 'Tata Salt', 'Shampoo', 'Conditioner', 'Juice', 'Eggs', 'Fish', 'Face Wash', 'Crystal Large Garbage Bag', 'Fresh Apples']"
t379,"['Tomatoes', 'Milk', 'Soap', 'Fortune Sunlite Refined Oil', 'Juice', 'Eggs', 'Energy Drink', 'Nivea Body Lotion', 'Rice', 'Bananas', 'Onions', 'Saffron', 'Capsicum', 'Colin Glass Cleaner']"
t380,"['Soap', 'Chia Seeds', 'MTR Ready-to-Eat Poha', 'Shampoo', 'Fortune Sunlite Refined Oil', 'Toothpaste', 'Cheese', 'Salt', 'Maggi Instant Noodles', 'Curtains', 'HIT Crawling Insect Killer', 'Bread', 'Capsicum']"
t381,"['Shampoo', 'Fortune Sunlite Refined Oil', 'Toothpaste', 'Eggs', 'Cheese', 'Balaji Masala Masti Chips', 'Salt', 'Curtains', 'Capsicum', 'Origami Tissue Paper']"
t382,"['Tomatoes', 'Olive Oil', 'Shampoo', 'Conditioner', 'Toothpaste', 'Eggs', 'Juice', 'Pantene Conditioner', 'Rice', 'Cornflakes', 'Onions', 'Saffron', 'Bread']"
t383,"['Tomatoes', 'Chicken', 'Milk', 'Aloo Bhujia', 'Juice', 'Eggs', 'Cheese', 'Fish', 'Pantene Conditioner', 'Salt', 'Rice', 'Maggi Instant Noodles', 'Bread', 'Fresh Apples']"
t384,"['Red Label Tea', 'Tomatoes', 'MTR Ready-to-Eat Poha', 'Conditioner', 'Fortune Sunlite Refined Oil', 'Toothpaste', 'Eggs', 'Cheese', 'Butter', 'Cornflakes', 'Himalaya Face Wash']"
t385,"['Tomatoes', 'Soap', 'Shampoo', 'Conditioner', 'Juice', 'Toothpaste', 'Fish', 'Salt', 'Maggi Instant Noodles', 'Curtains', 'Onions', 'Capsicum']"
t386,"['Red Label Tea', 'Chicken', 'Milk', 'Soap', 'MTR Ready-to-Eat Poha', 'Cheese', 'Salt', 'Bedsheet Double Bed', 'Rice', 'Bananas', 'Capsicum']"
t387,"['Tomatoes', 'Chicken', 'Shampoo', 'Conditioner', 'Toothpaste', 'Spinach', 'Fish', 'Bedsheet Double Bed', 'Face Wash', 'Capsicum', 'Pillow Cover']"
t388,"['Milk', 'Soap', 'Carrots', 'Pantene Conditioner', 'Eggs', 'Spinach', 'Butter', 'Protein Powder', 'Face Wash', 'Rice', 'Maggi Instant Noodles', 'Bread', 'Capsicum']"
t389,"['Tomatoes', 'Olive Oil', 'Conditioner', 'Aloo Bhujia', 'Toothpaste', 'Eggs', 'Nescafe Gold Blend Rich and Smooth Coffee', 'Butter', 'Cornflakes', 'Everest Garam Masala', 'Pillow Cover']"
t390,"['Tomatoes', 'Everest Garam Masala', 'Chia Seeds', 'Dove Shampoo', 'Eggs', 'Fish', 'Salt', 'Butter', 'Lay’s India’s Magic Masala', 'Saffron', 'Bread', 'Ashirvaad Whole Wheat Atta']"
t391,"['Milk', 'Soap', 'Dettol Hand Wash', 'Vaseline Petroleum Jelly', 'Shampoo', 'Tata Salt', 'Juice', 'Eggs', 'Toothpaste', 'Salt', 'Cornflakes', 'Potatoes', 'Bread', 'Capsicum', 'Colin Glass Cleaner']"
t392,"['Shampoo', 'Juice', 'Colgate Toothpaste', 'Cheese', 'Fish', 'Rice', 'Bananas', 'Capsicum']"
t393,"['Milk', 'Soap', 'Vaseline Petroleum Jelly', 'Shampoo', 'Colgate Toothpaste', 'Eggs', 'Cheese', 'Salt', 'Butter', 'Face Wash', 'Bread', 'Fresh Apples']"
t394,"['Tomatoes', 'Milk', 'Soap', 'Shampoo', 'Tata Premium Tea', 'Toothpaste', 'Eggs', 'Spinach', 'Fish', 'Nescafe Gold Blend Rich and Smooth Coffee', 'Salt', 'Colin Glass Cleaner']"
t395,"['Tomatoes', 'Chicken', 'Soap', 'MTR Ready-to-Eat Poha', 'Tata Salt', 'Shampoo', 'Conditioner', 'Dettol Hand Wash', 'Rice', 'Saffron', 'Capsicum']"
t396,"['Chicken', 'Milk', 'Chia Seeds', 'Vaseline Petroleum Jelly', 'Conditioner', 'Eggs', 'Cheese', 'Ariel Liquid Detergent', 'Salt', 'Protein Powder', 'Potatoes', 'Curtains', 'Onions', 'Bread']"
t397,"['Tomatoes', 'Milk', 'Soap', 'Conditioner', 'Toothpaste', 'Eggs', 'Nescafe Gold Blend Rich and Smooth Coffee', 'Salt', 'Butter', 'Cornflakes', 'Lay’s India’s Magic Masala', 'Capsicum', 'Comfort After Wash']"
t398,"['Tomatoes', 'Chicken', 'Tata Salt', 'Almonds', 'India Gate Basmati Rice', 'Eggs', 'Balaji Masala Masti Chips', 'Salt', 'Butter', 'Rice', 'Cornflakes', 'Saffron', 'Let’s Try Peri Peri Makhana']"
t399,"['Milk', 'Soap', 'Dove Shampoo', 'Toothpaste', 'Colgate Toothpaste', 'Fish', 'Nescafe Gold Blend Rich and Smooth Coffee', 'Rice', 'Cornflakes', 'Capsicum', 'Himalaya Face Wash']"
t400,"['Red Label Tea', 'Tomatoes', 'Milk', 'Dettol Hand Wash', 'MTR Ready-to-Eat Poha', 'Carrots', 'Eggs', 'Cheese', 'Salt', 'Butter', 'Protein Powder', 'Rice', 'Pillow Cover']"
t401,"['Tomatoes', 'Milk', 'Vaseline Petroleum Jelly', 'Shampoo', 'Organic Honey', 'Aloo Bhujia', 'Juice', 'Cheese', 'Fish', 'Ariel Liquid Detergent', 'Rice', 'Bananas']"
t402,"['Almonds', 'Conditioner', 'Fortune Sunlite Refined Oil', 'Juice', 'Pantene Conditioner', 'Cheese', 'Fish', 'Salt', 'Rice', 'Cornflakes', 'Crystal Large Garbage Bag', 'Onions']"
t403,"['Tomatoes', 'Milk', 'Vaseline Petroleum Jelly', 'Shampoo', 'Toothpaste', 'India Gate Basmati Rice', 'Cheese', 'Butter', 'Bedsheet Double Bed', 'Capsicum', 'Origami Tissue Paper']"
t404,"['Tomatoes', 'Milk', 'Soap', 'Shampoo', 'Conditioner', 'Toothpaste', 'India Gate Basmati Rice', 'Nescafe Gold Blend Rich and Smooth Coffee', 'Butter', 'Face Wash', 'Onions', 'Bread', 'Capsicum', 'Colin Glass Cleaner']"
t405,"['Chicken', 'Soap', 'Dettol Hand Wash', 'Shampoo', 'Organic Honey', 'Cheese', 'Salt', 'Cornflakes', 'Potatoes', 'Bread', 'Let’s Try Peri Peri Makhana']"
t406,"['Tomatoes', 'Chicken', 'Milk', 'Carrots', 'Tata Premium Tea', 'Toothpaste', 'Cheese', 'Salt', 'Capsicum', 'Himalaya Face Wash']"
t407,"['Tomatoes', 'Chicken', 'Milk', 'Chia Seeds', 'Shampoo', 'Conditioner', 'Toothpaste', 'Salt', 'Lay’s India’s Magic Masala', 'Bread', 'Fresh Apples']"
t408,"['Soap', 'Vaseline Petroleum Jelly', 'Conditioner', 'Toothpaste', 'Fish', 'Salt', 'Face Wash', 'Rice', 'Nivea Body Lotion', 'Bananas', 'Onions', 'Bread']"
t409,"['Red Label Tea', 'Milk', 'Shampoo', 'Conditioner', 'Carrots', 'MDH Chaat Masala', 'Toothpaste', 'Eggs', 'Cheese', 'Fish', 'Ariel Liquid Detergent', 'Face Wash', 'Curtains', 'Bread', 'Capsicum']"
t410,"['Tomatoes', 'Chicken', 'Olive Oil', 'Soap', 'Conditioner', 'Organic Honey', 'India Gate Basmati Rice', 'Eggs', 'Cheese', 'Butter', 'Bedsheet Double Bed', 'Potatoes', 'Bananas']"
t411,"['Red Label Tea', 'Milk', 'Shampoo', 'Toothpaste', 'Eggs', 'Cheese', 'Salt', 'Rice', 'Crystal Large Garbage Bag', 'Bread']"
t412,"['Chicken', 'Shampoo', 'Conditioner', 'Dove Shampoo', 'Toothpaste', 'Eggs', 'India Gate Basmati Rice', 'Fish', 'Rice', 'Onions', 'Capsicum', 'Himalaya Face Wash']"
t413,"['Tomatoes', 'Olive Oil', 'Soap', 'Tata Salt', 'Shampoo', 'Conditioner', 'Almonds', 'Dove Shampoo', 'Juice', 'Cheese', 'Salt', 'Onions', 'Capsicum', 'Ashirvaad Whole Wheat Atta']"
t414,"['Red Label Tea', 'Tomatoes', 'Milk', 'Soap', 'Carrots', 'India Gate Basmati Rice', 'Eggs', 'Cheese', 'Salt', 'Capsicum', 'Comfort After Wash']"
t415,"['Tomatoes', 'Milk', 'Soap', 'Fortune Sunlite Refined Oil', 'Fish', 'Salt', 'Maggi Instant Noodles', 'Capsicum']"
t416,"['Milk', 'Soap', 'Tata Salt', 'Fortune Sunlite Refined Oil', 'Eggs', 'Cheese', 'Rice', 'Maggi Instant Noodles', 'HIT Crawling Insect Killer']"
t417,"['Tomatoes', 'Milk', 'Soap', 'Conditioner', 'Face Wash', 'Rice', 'Cornflakes', 'HIT Crawling Insect Killer', 'Capsicum', 'Origami Tissue Paper', 'Fresh Apples']"
t418,"['Tomatoes', 'Soap', 'Fish', 'Salt', 'Butter', 'Nivea Body Lotion', 'Rice', 'Cornflakes', 'Bread', 'Capsicum']"
t419,"['Chicken', 'Tata Salt', 'Conditioner', 'Spinach', 'Salt', 'Butter', 'Rice', 'Maggi Instant Noodles', 'Onions', 'Capsicum', 'Let’s Try Peri Peri Makhana']"
t420,"['Tomatoes', 'Curtains', 'Milk', 'Soap', 'Conditioner', 'Carrots', 'Eggs', 'Butter', 'Rice', 'Potatoes', 'Bananas', 'Saffron', 'Capsicum']"
t421,"['Tomatoes', 'Vaseline Petroleum Jelly', 'Almonds', 'Conditioner', 'Dove Shampoo', 'Eggs', 'Cheese', 'Fish', 'Balaji Masala Masti Chips', 'Face Wash', 'Bread', 'Capsicum', 'Colin Glass Cleaner']"
t422,"['Tomatoes', 'Chicken', 'Milk', 'Butter', 'Cornflakes', 'Lay’s India’s Magic Masala', 'Saffron', 'Bread', 'Capsicum', 'Comfort After Wash']"
t423,"['Soap', 'Shampoo', 'Organic Honey', 'Carrots', 'Eggs', 'Balaji Masala Masti Chips', 'Salt', 'Butter', 'Bedsheet Double Bed', 'Onions', 'Saffron', 'Bread']"
t424,"['Tomatoes', 'Toothpaste', 'Eggs', 'Face Wash', 'Rice', 'Curtains', 'Bread', 'Capsicum', 'Himalaya Face Wash']"
t425,"['Red Label Tea', 'Shampoo', 'Conditioner', 'Juice', 'Cheese', 'Bedsheet Double Bed', 'Rice', 'Lay’s India’s Magic Masala', 'Bread', 'Capsicum']"
t426,"['Tomatoes', 'Chicken', 'Vaseline Petroleum Jelly', 'Conditioner', 'Eggs', 'Fish', 'Balaji Masala Masti Chips', 'Bedsheet Double Bed', 'Rice', 'Capsicum', 'Origami Tissue Paper', 'Fresh Apples']"
t427,"['Olive Oil', 'Milk', 'MTR Ready-to-Eat Poha', 'Organic Honey', 'Aloo Bhujia', 'Toothpaste', 'Salt', 'Face Wash', 'Rice', 'Capsicum']"
t428,"['Bananas', 'Salt', 'Butter', 'Cornflakes', 'Rice', 'Potatoes', 'Capsicum']"
t429,"['Milk', 'Shampoo', 'Aloo Bhujia', 'Toothpaste', 'Ariel Liquid Detergent', 'Fish', 'Salt', 'Protein Powder', 'Face Wash', 'Rice', 'Bread']"
t430,"['Chicken', 'Chia Seeds', 'Tata Salt', 'Conditioner', 'Toothpaste', 'Eggs', 'Fish', 'Salt', 'Butter', 'Energy Drink', 'HIT Crawling Insect Killer', 'Everest Garam Masala']"
t431,"['Tomatoes', 'Chicken', 'Milk', 'Soap', 'Conditioner', 'Colgate Toothpaste', 'Eggs', 'Pantene Conditioner', 'Salt', 'Energy Drink', 'Cornflakes', 'HIT Crawling Insect Killer', 'Capsicum']"
t432,"['Chicken', 'Milk', 'Soap', 'Vaseline Petroleum Jelly', 'Shampoo', 'Pantene Conditioner', 'Eggs', 'Salt', 'Face Wash', 'Rice', 'Cornflakes', 'Bread', 'Lay’s American Cream & Onion', 'Comfort After Wash', 'Colin Glass Cleaner']"
t433,"['Tomatoes', 'Chia Seeds', 'Shampoo', 'Juice', 'Eggs', 'Cheese', 'Nescafe Gold Blend Rich and Smooth Coffee', 'Colgate Toothpaste', 'Energy Drink', 'Face Wash', 'Cornflakes', 'Bread']"
t434,"['Tomatoes', 'Milk', 'Soap', 'Almonds', 'Fortune Sunlite Refined Oil', 'Toothpaste', 'Eggs', 'Cheese', 'Spinach', 'Nivea Body Lotion', 'Onions', 'Bread', 'Capsicum']"
t435,"['Soap', 'Conditioner', 'Juice', 'Eggs', 'Salt', 'Butter', 'Bedsheet Double Bed', 'Cornflakes', 'Bananas', 'Bread']"
t436,"['Tomatoes', 'Chicken', 'Milk', 'Chia Seeds', 'Tata Salt', 'Carrots', 'Fortune Sunlite Refined Oil', 'India Gate Basmati Rice', 'Fish', 'Salt', 'Butter', 'Bedsheet Double Bed', 'Face Wash', 'Bread']"
t437,"['Dove Shampoo', 'Juice', 'Eggs', 'Fish', 'Salt', 'Butter', 'Face Wash', 'Onions', 'Bread']"
t438,"['Tomatoes', 'Milk', 'Soap', 'MTR Ready-to-Eat Poha', 'Dettol Hand Wash', 'Conditioner', 'Juice', 'Eggs', 'Toothpaste', 'Rice', 'Cornflakes', 'Crystal Large Garbage Bag', 'HIT Crawling Insect Killer', 'Capsicum']"
t439,"['Tomatoes', 'Olive Oil', 'Chia Seeds', 'Conditioner', 'Eggs', 'Cheese', 'Fish', 'Spinach', 'Salt', 'Nescafe Gold Blend Rich and Smooth Coffee', 'Nivea Body Lotion', 'Rice', 'Cornflakes', 'Curtains', 'Bread']"
t440,"['Tomatoes', 'Milk', 'Shampoo', 'Ariel Liquid Detergent', 'Nescafe Gold Blend Rich and Smooth Coffee', 'Salt', 'Face Wash', 'Cornflakes', 'Nivea Body Lotion', 'Capsicum', 'Origami Tissue Paper', 'Ashirvaad Whole Wheat Atta']"
t441,"['Milk', 'Soap', 'MDH Chaat Masala', 'Toothpaste', 'Eggs', 'Salt', 'Cornflakes', 'Potatoes', 'Bread']"
t442,"['Conditioner', 'Toothpaste', 'Juice', 'Fish', 'Nescafe Gold Blend Rich and Smooth Coffee', 'Salt', 'Rice', 'Cornflakes', 'Bread', 'Colin Glass Cleaner', 'Pillow Cover']"
t443,"['Milk', 'Soap', 'Shampoo', 'Juice', 'Eggs', 'Spinach', 'Fish', 'Salt', 'Rice', 'Bananas', 'Onions', 'Saffron', 'Bread', 'Ashirvaad Whole Wheat Atta']"
t444,"['Tomatoes', 'Chicken', 'Fortune Sunlite Refined Oil', 'Juice', 'Eggs', 'Cheese', 'Colgate Toothpaste', 'Salt', 'Face Wash']"
t445,"['Tomatoes', 'Soap', 'MTR Ready-to-Eat Poha', 'Shampoo', 'Conditioner', 'Juice', 'Eggs', 'Butter', 'Rice', 'Capsicum', 'Fresh Apples']"
t446,"['Chicken', 'Soap', 'Dove Shampoo', 'India Gate Basmati Rice', 'Cheese', 'Salt', 'Bread', 'Capsicum']"
t447,"['Tomatoes', 'Soap', 'Conditioner', 'Fortune Sunlite Refined Oil', 'Eggs', 'Cheese', 'Fish', 'Spinach', 'Salt', 'Face Wash', 'Rice', 'Nivea Body Lotion', 'Capsicum']"
t448,"['Tomatoes', 'Milk', 'Soap', 'Dettol Hand Wash', 'Tata Premium Tea', 'Toothpaste', 'HIT Crawling Insect Killer', 'Energy Drink', 'Cornflakes', 'Saffron', 'Capsicum']"
t449,"['Tomatoes', 'Milk', 'MTR Ready-to-Eat Poha', 'Juice', 'Eggs', 'Cheese', 'Nivea Body Lotion', 'Rice', 'HIT Crawling Insect Killer', 'Origami Tissue Paper']"
t450,"['Shampoo', 'Fortune Sunlite Refined Oil', 'Toothpaste', 'Eggs', 'Cheese', 'Fish', 'Rice', 'Cornflakes', 'Onions', 'Bread', 'Capsicum']"
t451,"['Milk', 'Soap', 'Shampoo', 'Conditioner', 'Toothpaste', 'Eggs', 'Nescafe Gold Blend Rich and Smooth Coffee', 'Cornflakes', 'Bread', 'Capsicum', 'Fresh Apples']"
t452,"['Soap', 'Conditioner', 'MDH Chaat Masala', 'Toothpaste', 'Colgate Toothpaste', 'Salt', 'Bedsheet Double Bed', 'Cornflakes', 'Maggi Instant Noodles', 'Bread', 'Capsicum', 'Comfort After Wash']"
t453,"['Tata Salt', 'Dove Shampoo', 'Eggs', 'Cheese', 'Salt', 'Face Wash', 'Capsicum']"
t454,"['Tomatoes', 'Milk', 'Shampoo', 'Eggs', 'Ariel Liquid Detergent', 'Butter', 'Rice', 'Cornflakes', 'Lay’s American Cream & Onion', 'Bread', 'Capsicum', 'Let’s Try Peri Peri Makhana']"
t455,"['Tomatoes', 'Milk', 'Tata Salt', 'Conditioner', 'Eggs', 'Cheese', 'Butter', 'Protein Powder', 'Potatoes', 'Lay’s American Cream & Onion', 'Bread', 'Capsicum']"
t456,"['Tomatoes', 'Milk', 'Soap', 'Shampoo', 'Conditioner', 'MDH Chaat Masala', 'Juice', 'Pantene Conditioner', 'Salt', 'Face Wash', 'Rice', 'Cornflakes', 'Elegant Weavers Doormat', 'Fresh Apples']"
t457,"['Milk', 'MTR Ready-to-Eat Poha', 'Shampoo', 'Conditioner', 'Juice', 'Eggs', 'Cheese', 'Pantene Conditioner', 'Salt', 'Butter', 'Rice', 'Cornflakes']"
t458,"['Chicken', 'Curtains', 'Milk', 'Conditioner', 'Pantene Conditioner', 'Salt', 'Face Wash', 'Rice', 'Maggi Instant Noodles', 'Lay’s American Cream & Onion', 'Capsicum']"
t459,"['Tomatoes', 'Soap', 'Shampoo', 'Conditioner', 'Almonds', 'Fortune Sunlite Refined Oil', 'Eggs', 'Cheese', 'Balaji Masala Masti Chips', 'Energy Drink', 'Curtains', 'Bread', 'Himalaya Face Wash', 'Pillow Cover']"
t460,"['Chicken', 'Milk', 'Shampoo', 'Fortune Sunlite Refined Oil', 'MDH Chaat Masala', 'Pantene Conditioner', 'Cheese', 'Salt', 'Rice', 'Potatoes']"
t461,"['Tomatoes', 'Shampoo', 'Conditioner', 'Aloo Bhujia', 'Tata Premium Tea', 'Eggs', 'Butter', 'Face Wash', 'Rice', 'Bread', 'Ashirvaad Whole Wheat Atta']"
t462,"['Red Label Tea', 'Soap', 'Shampoo', 'Conditioner', 'Salt', 'Face Wash', 'Capsicum', 'Comfort After Wash']"
t463,"['Tomatoes', 'Soap', 'Almonds', 'Conditioner', 'Organic Honey', 'Dove Shampoo', 'Fish', 'Nivea Body Lotion', 'Bread']"
t464,"['Red Label Tea', 'Chicken', 'Milk', 'Conditioner', 'Fortune Sunlite Refined Oil', 'India Gate Basmati Rice', 'Salt', 'Protein Powder', 'Face Wash', 'Rice', 'Cornflakes', 'Bread', 'Capsicum', 'Himalaya Face Wash', 'Comfort After Wash']"
t465,"['Soap', 'Bananas', 'Conditioner', 'Dove Shampoo', 'Juice', 'Eggs', 'Salt', 'Butter', 'Energy Drink', 'Face Wash', 'Rice', 'Lay’s American Cream & Onion', 'Bread', 'Capsicum', 'Pillow Cover']"
t466,"['Tomatoes', 'Shampoo', 'Fortune Sunlite Refined Oil', 'Juice', 'Toothpaste', 'Cheese', 'Face Wash', 'Lay’s India’s Magic Masala', 'Capsicum']"
t467,"['Tomatoes', 'Chicken', 'MDH Chaat Masala', 'Toothpaste', 'Spinach', 'Ariel Liquid Detergent', 'Salt', 'Butter', 'Face Wash', 'Rice', 'Crystal Large Garbage Bag', 'Onions', 'Bread']"
t468,"['Milk', 'Dove Shampoo', 'Fish', 'Rice', 'Cornflakes', 'Bread', 'Capsicum', 'Himalaya Face Wash']"
t469,"['Milk', 'Chia Seeds', 'Shampoo', 'Conditioner', 'Organic Honey', 'Colgate Toothpaste', 'Cheese', 'Fish', 'Nescafe Gold Blend Rich and Smooth Coffee', 'Salt', 'Face Wash', 'Cornflakes', 'Curtains', 'Lay’s India’s Magic Masala', 'Capsicum']"
t470,"['Milk', 'Eggs', 'Cheese', 'Spinach', 'Balaji Masala Masti Chips', 'Salt', 'Butter', 'Everest Garam Masala', 'Capsicum']"
t471,"['Milk', 'Soap', 'Dettol Hand Wash', 'Shampoo', 'Conditioner', 'Toothpaste', 'Eggs', 'Cheese', 'Nivea Body Lotion', 'Rice', 'Lay’s India’s Magic Masala', 'Bread', 'Himalaya Face Wash']"
t472,"['Chicken', 'Milk', 'Almonds', 'Eggs', 'Spinach', 'Fish', 'Ariel Liquid Detergent', 'Capsicum', 'Origami Tissue Paper', 'Ashirvaad Whole Wheat Atta']"
t473,"['Tomatoes', 'Milk', 'Vaseline Petroleum Jelly', 'Shampoo', 'Juice', 'Eggs', 'Cheese', 'Rice', 'Bananas', 'Bread']"
t474,"['Milk', 'Soap', 'Shampoo', 'India Gate Basmati Rice', 'Eggs', 'Cheese', 'Salt', 'Face Wash', 'Cornflakes', 'Maggi Instant Noodles', 'Crystal Large Garbage Bag', 'Elegant Weavers Doormat', 'Bread', 'Comfort After Wash']"
t475,"['Chicken', 'Milk', 'Shampoo', 'Conditioner', 'Aloo Bhujia', 'Tata Premium Tea', 'Cheese', 'Face Wash']"
t476,"['Tomatoes', 'Dettol Hand Wash', 'Shampoo', 'Conditioner', 'Dove Shampoo', 'Fortune Sunlite Refined Oil', 'Juice', 'Eggs', 'Fish', 'Salt', 'Butter', 'Protein Powder', 'Capsicum', 'Let’s Try Peri Peri Makhana']"
t477,"['Red Label Tea', 'Chicken', 'Milk', 'Soap', 'Shampoo', 'Toothpaste', 'Juice', 'India Gate Basmati Rice', 'Rice', 'Potatoes', 'Crystal Large Garbage Bag', 'Capsicum', 'Comfort After Wash']"
t478,"['Tomatoes', 'Milk', 'Soap', 'Shampoo', 'Almonds', 'Organic Honey', 'Eggs', 'Fish', 'Pillow Cover', 'Face Wash', 'Bread', 'Capsicum', 'Fresh Apples']"
t479,"['Red Label Tea', 'Tomatoes', 'Milk', 'Toothpaste', 'Eggs', 'Cheese', 'Salt', 'Butter', 'Rice', 'Cornflakes', 'Elegant Weavers Doormat']"
t480,"['Milk', 'Carrots', 'Juice', 'Salt', 'Butter', 'Cornflakes', 'Bread', 'Capsicum', 'Colin Glass Cleaner']"
t481,"['Shampoo', 'MDH Chaat Masala', 'Spinach', 'Ariel Liquid Detergent', 'Salt', 'Face Wash', 'Cornflakes', 'Rice', 'Lay’s India’s Magic Masala', 'Capsicum', 'Fresh Apples']"
t482,"['Chicken', 'Olive Oil', 'Soap', 'Shampoo', 'Aloo Bhujia', 'Pantene Conditioner', 'Eggs', 'Cheese', 'Salt', 'Energy Drink', 'Maggi Instant Noodles', 'Capsicum', 'Let’s Try Peri Peri Makhana']"
t483,"['Tomatoes', 'Milk', 'Soap', 'Shampoo', 'Dove Shampoo', 'MDH Chaat Masala', 'Toothpaste', 'Eggs', 'Ariel Liquid Detergent', 'Fish', 'Salt', 'Butter', 'Protein Powder', 'Nivea Body Lotion', 'Bread']"
t484,"['Soap', 'Shampoo', 'Juice', 'Pillow Cover', 'Salt', 'Rice', 'Cornflakes', 'Maggi Instant Noodles', 'Bread', 'Fresh Apples']"
t485,"['Shampoo', 'Conditioner', 'Juice', 'Eggs', 'Cheese', 'Balaji Masala Masti Chips', 'Rice', 'Potatoes', 'Onions', 'Bread', 'Himalaya Face Wash', 'Let’s Try Peri Peri Makhana']"
t486,"['Tomatoes', 'Chicken', 'Milk', 'Soap', 'Chia Seeds', 'Vaseline Petroleum Jelly', 'Almonds', 'MTR Ready-to-Eat Poha', 'Juice', 'Spinach', 'Fish', 'Salt', 'Ashirvaad Whole Wheat Atta']"
t487,"['Olive Oil', 'Milk', 'Conditioner', 'Juice', 'Toothpaste', 'Cheese', 'Ariel Liquid Detergent', 'Balaji Masala Masti Chips', 'Salt', 'Butter', 'Elegant Weavers Doormat', 'Maggi Instant Noodles', 'Bread', 'Capsicum', 'Himalaya Face Wash']"
t488,"['Milk', 'Soap', 'Tata Salt', 'Shampoo', 'Juice', 'Colgate Toothpaste', 'Salt', 'Butter', 'Crystal Large Garbage Bag', 'Onions', 'Bread', 'Himalaya Face Wash']"
t489,"['Chicken', 'Everest Garam Masala', 'Conditioner', 'Juice', 'Eggs', 'Cheese', 'India Gate Basmati Rice', 'Balaji Masala Masti Chips', 'Salt', 'Butter', 'Bedsheet Double Bed', 'Rice', 'Bread']"
t490,"['Tomatoes', 'Milk', 'Tata Salt', 'Shampoo', 'MDH Chaat Masala', 'Juice', 'Eggs', 'Cheese', 'Maggi Instant Noodles', 'Origami Tissue Paper']"
t491,"['Tomatoes', 'Chicken', 'Milk', 'Soap', 'Organic Honey', 'Eggs', 'Fish', 'Face Wash', 'Nivea Body Lotion', 'Colin Glass Cleaner']"
t492,"['Tomatoes', 'Chicken', 'Milk', 'Tata Salt', 'Shampoo', 'Eggs', 'Cheese', 'Ariel Liquid Detergent', 'Salt', 'Face Wash', 'Maggi Instant Noodles', 'Capsicum']"
t493,"['Red Label Tea', 'Tomatoes', 'Shampoo', 'Toothpaste', 'Eggs', 'Cheese', 'Elegant Weavers Doormat', 'Curtains', 'Capsicum', 'Let’s Try Peri Peri Makhana']"
t494,"['Milk', 'Shampoo', 'Almonds', 'Eggs', 'Fish', 'Nescafe Gold Blend Rich and Smooth Coffee', 'Face Wash', 'Rice', 'Cornflakes', 'Elegant Weavers Doormat', 'Bread', 'Comfort After Wash']"
t495,"['Tomatoes', 'Everest Garam Masala', 'Conditioner', 'Fish', 'Face Wash', 'Rice', 'Maggi Instant Noodles', 'Bread', 'Ashirvaad Whole Wheat Atta']"
t496,"['Red Label Tea', 'Soap', 'Shampoo', 'Dove Shampoo', 'Juice', 'Eggs', 'Salt', 'Butter', 'Capsicum']"
t497,"['Chicken', 'Dettol Hand Wash', 'Shampoo', 'Eggs', 'Salt', 'Face Wash', 'Rice', 'Cornflakes', 'Curtains', 'Bread', 'Capsicum', 'Origami Tissue Paper']"
t498,"['Tomatoes', 'Soap', 'Shampoo', 'Conditioner', 'Butter', 'Rice', 'Cornflakes', 'Saffron', 'Bread', 'Capsicum', 'Colin Glass Cleaner', 'Fresh Apples']"
t499,"['Milk', 'Conditioner', 'Aloo Bhujia', 'Juice', 'Eggs', 'Toothpaste', 'Ariel Liquid Detergent', 'Rice']"
t500,"['Tomatoes', 'MTR Ready-to-Eat Poha', 'Shampoo', 'Almonds', 'Juice', 'Fish', 'Butter', 'Face Wash', 'Rice', 'Curtains']"
t501,"['Tomatoes', 'Chicken', 'Milk', 'Vaseline Petroleum Jelly', 'Protein Powder', 'Face Wash', 'Rice', 'Lay’s American Cream & Onion', 'Lay’s India’s Magic Masala', 'Saffron', 'Capsicum']"
t502,"['Tomatoes', 'Soap', 'MTR Ready-to-Eat Poha', 'Aloo Bhujia', 'Fish', 'Salt', 'Elegant Weavers Doormat', 'Saffron', 'Bread', 'Pillow Cover']"
t503,"['Tomatoes', 'Shampoo', 'Conditioner', 'Fortune Sunlite Refined Oil', 'Juice', 'Eggs', 'Cheese', 'Bread', 'Capsicum', 'Ashirvaad Whole Wheat Atta']"
t504,"['Milk', 'Soap', 'Shampoo', 'Conditioner', 'Dove Shampoo', 'Fish', 'Cornflakes', 'Bananas', 'Capsicum', 'Fresh Apples']"
t505,"['Chicken', 'Milk', 'Shampoo', 'Dove Shampoo', 'MDH Chaat Masala', 'Colgate Toothpaste', 'Fish', 'Face Wash', 'Rice', 'Bread', 'Lay’s American Cream & Onion', 'Fresh Apples']"
t506,"['Tomatoes', 'Chicken', 'Milk', 'Conditioner', 'Eggs', 'Rice', 'Cornflakes', 'Elegant Weavers Doormat', 'Onions']"
t507,"['Tomatoes', 'Vaseline Petroleum Jelly', 'Juice', 'Eggs', 'Cheese', 'Toothpaste', 'Ariel Liquid Detergent', 'Face Wash', 'Bananas', 'Everest Garam Masala', 'Capsicum', 'Himalaya Face Wash']"
t508,"['Tomatoes', 'Shampoo', 'Aloo Bhujia', 'Tata Premium Tea', 'Juice', 'Eggs', 'Toothpaste', 'Nescafe Gold Blend Rich and Smooth Coffee', 'Face Wash', 'Rice', 'Elegant Weavers Doormat']"
t509,"['Tomatoes', 'Everest Garam Masala', 'Milk', 'Shampoo', 'Fortune Sunlite Refined Oil', 'Juice', 'Eggs', 'Toothpaste', 'Bread', 'Capsicum']"
t510,"['Milk', 'Dettol Hand Wash', 'MTR Ready-to-Eat Poha', 'Conditioner', 'Juice', 'Cheese', 'Salt', 'Face Wash', 'Cornflakes']"
t511,"['Chicken', 'Milk', 'Conditioner', 'India Gate Basmati Rice', 'Eggs', 'Butter', 'Face Wash', 'Rice', 'Bread', 'Capsicum', 'Himalaya Face Wash']"
t512,"['Milk', 'Almonds', 'Conditioner', 'Colgate Toothpaste', 'Spinach', 'Cheese', 'Fish', 'Face Wash', 'Rice', 'Cornflakes', 'Bread', 'Pillow Cover']"
t513,"['Tomatoes', 'Everest Garam Masala', 'Chia Seeds', 'Toothpaste', 'Fish', 'Energy Drink', 'Cornflakes', 'Bread', 'Capsicum']"
t514,"['Tomatoes', 'Milk', 'Eggs', 'Spinach', 'Butter', 'Face Wash', 'Cornflakes', 'Bread', 'Capsicum', 'Origami Tissue Paper', 'Comfort After Wash', 'Fresh Apples']"
t515,"['Tomatoes', 'Chicken', 'Vaseline Petroleum Jelly', 'Carrots', 'Juice', 'Eggs', 'Toothpaste', 'Butter', 'Nivea Body Lotion', 'Crystal Large Garbage Bag', 'Onions', 'Saffron', 'Capsicum']"
t516,"['Chia Seeds', 'Shampoo', 'Conditioner', 'Organic Honey', 'Juice', 'Eggs', 'Colgate Toothpaste', 'Butter', 'Rice', 'Bread', 'Let’s Try Peri Peri Makhana']"
t517,"['Vaseline Petroleum Jelly', 'Tata Salt', 'Shampoo', 'Fortune Sunlite Refined Oil', 'Toothpaste', 'Ariel Liquid Detergent', 'Fish', 'Salt', 'Butter', 'Rice', 'Bread', 'Capsicum', 'Origami Tissue Paper']"
t518,"['Milk', 'Shampoo', 'Juice', 'Toothpaste', 'Cheese', 'Cornflakes', 'Rice', 'Curtains', 'Capsicum', 'Himalaya Face Wash']"
t519,"['Tomatoes', 'Chicken', 'Conditioner', 'Fortune Sunlite Refined Oil', 'Cheese', 'Cornflakes', 'Bread', 'Capsicum']"
t520,"['Tomatoes', 'Chicken', 'Olive Oil', 'Shampoo', 'Juice', 'Salt', 'Rice', 'Elegant Weavers Doormat', 'Saffron', 'Capsicum', 'Fresh Apples']"
t521,"['Milk', 'Shampoo', 'Aloo Bhujia', 'Eggs', 'Cheese', 'Salt', 'Face Wash', 'Onions', 'Fresh Apples', 'Pillow Cover']"
t522,"['Milk', 'Shampoo', 'Conditioner', 'Toothpaste', 'Eggs', 'Face Wash', 'Rice', 'Cornflakes', 'Maggi Instant Noodles', 'Fresh Apples']"
t523,"['Tomatoes', 'Vaseline Petroleum Jelly', 'Shampoo', 'Conditioner', 'Tata Premium Tea', 'Juice', 'Face Wash', 'Rice', 'Cornflakes', 'Curtains', 'Capsicum']"
t524,"['Tomatoes', 'Chicken', 'Milk', 'Everest Garam Masala', 'Conditioner', 'Juice', 'Eggs', 'Cheese', 'Fish', 'Ariel Liquid Detergent', 'Bread', 'Capsicum', 'Ashirvaad Whole Wheat Atta']"
t525,"['Tomatoes', 'Chicken', 'Milk', 'Olive Oil', 'Pantene Conditioner', 'Eggs', 'Salt', 'Butter', 'Cornflakes', 'HIT Crawling Insect Killer', 'Capsicum']"
t526,"['Tomatoes', 'Olive Oil', 'Conditioner', 'Juice', 'Fish', 'Energy Drink', 'Rice', 'Lay’s India’s Magic Masala', 'Bread', 'Lay’s American Cream & Onion']"
t527,"['Tomatoes', 'Soap', 'Tata Salt', 'Almonds', 'MDH Chaat Masala', 'Toothpaste', 'Eggs', 'Pantene Conditioner', 'Fish', 'Salt', 'Crystal Large Garbage Bag', 'Saffron', 'Bread', 'Capsicum', 'Himalaya Face Wash']"
t528,"['Tomatoes', 'Tata Salt', 'Carrots', 'India Gate Basmati Rice', 'Eggs', 'Fish', 'Butter', 'Face Wash', 'Bread', 'Capsicum', 'Pillow Cover']"
t529,"['Tomatoes', 'Milk', 'Soap', 'Chia Seeds', 'Toothpaste', 'Pantene Conditioner', 'Face Wash', 'Rice', 'Cornflakes', 'Maggi Instant Noodles', 'Bread', 'Capsicum', 'Pillow Cover']"
t530,"['Tomatoes', 'Chicken', 'Milk', 'Shampoo', 'Juice', 'Eggs', 'Spinach', 'Nescafe Gold Blend Rich and Smooth Coffee', 'Rice', 'Cornflakes', 'Onions', 'Bread', 'Comfort After Wash']"
t531,"['Milk', 'Chia Seeds', 'Shampoo', 'Conditioner', 'Aloo Bhujia', 'Toothpaste', 'Eggs', 'India Gate Basmati Rice', 'Fish', 'Salt', 'Butter']"
t532,"['Chicken', 'MTR Ready-to-Eat Poha', 'Conditioner', 'Fish', 'Face Wash', 'Rice', 'Lay’s American Cream & Onion', 'Bread', 'Capsicum']"
t533,"['Tomatoes', 'Shampoo', 'Aloo Bhujia', 'Eggs', 'Cheese', 'Face Wash', 'Cornflakes', 'Maggi Instant Noodles', 'Bread', 'Capsicum']"
t534,"['Chicken', 'Milk', 'Vaseline Petroleum Jelly', 'Shampoo', 'Aloo Bhujia', 'Fish', 'Crystal Large Garbage Bag', 'Capsicum', 'Origami Tissue Paper']"
t535,"['Chicken', 'Milk', 'Fortune Sunlite Refined Oil', 'India Gate Basmati Rice', 'Salt', 'Cornflakes', 'Bananas', 'Onions', 'Bread']"
t536,"['Shampoo', 'Juice', 'Eggs', 'Fish', 'Salt', 'Face Wash', 'Potatoes', 'Capsicum', 'Himalaya Face Wash']"
t537,"['Lay’s India’s Magic Masala', 'Tata Salt', 'Shampoo', 'Conditioner', 'Toothpaste', 'Eggs', 'Balaji Masala Masti Chips', 'Rice', 'Cornflakes', 'Onions', 'Bread', 'Capsicum', 'Origami Tissue Paper']"
t538,"['Chicken', 'Tata Salt', 'Shampoo', 'Conditioner', 'Butter', 'Saffron', 'Bread', 'Capsicum', 'Pillow Cover']"
t539,"['Tomatoes', 'Aloo Bhujia', 'Juice', 'Eggs', 'Cheese', 'Salt', 'Bedsheet Double Bed', 'Face Wash', 'Rice', 'Cornflakes', 'Everest Garam Masala', 'Capsicum']"
t540,"['Tomatoes', 'Milk', 'Soap', 'Shampoo', 'Conditioner', 'Carrots', 'Spinach', 'Cheese', 'Fish', 'Salt', 'Rice']"
t541,"['Chicken', 'Milk', 'Pantene Conditioner', 'Eggs', 'Butter', 'Rice', 'Cornflakes', 'Bread', 'Capsicum', 'Fresh Apples']"
t542,"['Red Label Tea', 'Soap', 'Conditioner', 'Organic Honey', 'Juice', 'Cheese', 'Nescafe Gold Blend Rich and Smooth Coffee', 'Salt', 'Cornflakes', 'Saffron', 'Bread', 'Capsicum', 'Ashirvaad Whole Wheat Atta']"
t543,"['Shampoo', 'Tata Premium Tea', 'Salt', 'Butter', 'Cornflakes', 'Elegant Weavers Doormat', 'Capsicum', 'Origami Tissue Paper']"
t544,"['Soap', 'Conditioner', 'MDH Chaat Masala', 'Eggs', 'Ariel Liquid Detergent', 'Fish', 'Salt', 'Butter', 'Rice', 'Bread', 'Capsicum', 'Fresh Apples']"
t545,"['Chicken', 'Olive Oil', 'Milk', 'Vaseline Petroleum Jelly', 'Bananas', 'Shampoo', 'Conditioner', 'Aloo Bhujia', 'Fortune Sunlite Refined Oil', 'Salt', 'Butter', 'Face Wash', 'Curtains', 'Capsicum']"
t546,"['Soap', 'Shampoo', 'Conditioner', 'Juice', 'Fish', 'Rice', 'Cornflakes', 'HIT Crawling Insect Killer', 'Capsicum', 'Himalaya Face Wash']"
t547,"['Olive Oil', 'Milk', 'Shampoo', 'Aloo Bhujia', 'Eggs', 'Spinach', 'Fish', 'Energy Drink', 'Face Wash', 'Cornflakes', 'Lay’s India’s Magic Masala', 'HIT Crawling Insect Killer']"
t548,"['Milk', 'Shampoo', 'Juice', 'Fish', 'Salt', 'Butter', 'Face Wash', 'Crystal Large Garbage Bag', 'Maggi Instant Noodles', 'Bread', 'Capsicum']"
t549,"['Chicken', 'Milk', 'Soap', 'Conditioner', 'India Gate Basmati Rice', 'Balaji Masala Masti Chips', 'Salt', 'Lay’s American Cream & Onion', 'Face Wash', 'Rice', 'Curtains', 'Bread', 'Capsicum', 'Fresh Apples']"
t550,"['Red Label Tea', 'Tomatoes', 'Chicken', 'Dove Shampoo', 'Colgate Toothpaste', 'Eggs', 'Ariel Liquid Detergent', 'Fish', 'Salt', 'Bread', 'Capsicum', 'Ashirvaad Whole Wheat Atta']"
t551,"['Tomatoes', 'Vaseline Petroleum Jelly', 'Conditioner', 'Fish', 'Salt', 'Butter', 'Face Wash', 'Lay’s American Cream & Onion', 'Bread', 'Capsicum']"
t552,"['Tomatoes', 'Chicken', 'Milk', 'Conditioner', 'Fish', 'Salt', 'Energy Drink', 'Nivea Body Lotion', 'Rice', 'Elegant Weavers Doormat', 'Capsicum', 'Colin Glass Cleaner']"
t553,"['Chicken', 'MTR Ready-to-Eat Poha', 'Shampoo', 'Conditioner', 'Organic Honey', 'Fortune Sunlite Refined Oil', 'Colgate Toothpaste', 'Fish', 'Rice', 'Onions', 'Bread', 'Capsicum', 'Comfort After Wash']"
t554,"['Tomatoes', 'Chicken', 'Dettol Hand Wash', 'Shampoo', 'Conditioner', 'Organic Honey', 'Tata Premium Tea', 'Fish', 'Salt', 'Butter', 'Protein Powder', 'Rice', 'Cornflakes', 'Capsicum', 'Comfort After Wash', 'Pillow Cover']"
t555,"['Milk', 'Tata Salt', 'Toothpaste', 'Eggs', 'Cheese', 'Balaji Masala Masti Chips', 'Bedsheet Double Bed', 'Cornflakes', 'Bread', 'Fresh Apples']"
t556,"['Everest Garam Masala', 'Conditioner', 'Organic Honey', 'Cheese', 'Energy Drink', 'Face Wash', 'Rice', 'Cornflakes', 'Bananas', 'Bread', 'Capsicum']"
t557,"['Chicken', 'Milk', 'Soap', 'Shampoo', 'Carrots', 'Juice', 'Eggs', 'Ariel Liquid Detergent', 'Balaji Masala Masti Chips', 'Salt', 'Butter', 'Origami Tissue Paper', 'Colin Glass Cleaner']"
t558,"['Chicken', 'Dettol Hand Wash', 'Conditioner', 'Toothpaste', 'Eggs', 'Salt', 'Butter', 'Cornflakes', 'Origami Tissue Paper']"
t559,"['Conditioner', 'Juice', 'Toothpaste', 'Balaji Masala Masti Chips', 'Salt', 'Rice', 'Everest Garam Masala']"
t560,"['Chicken', 'Vaseline Petroleum Jelly', 'Shampoo', 'Conditioner', 'Toothpaste', 'Eggs', 'Fish', 'Salt', 'Protein Powder', 'Face Wash', 'Rice', 'Nivea Body Lotion', 'Bread', 'Ashirvaad Whole Wheat Atta']"
t561,"['Milk', 'Dettol Hand Wash', 'Juice', 'Cheese', 'Face Wash', 'Cornflakes', 'HIT Crawling Insect Killer', 'Bread', 'Capsicum']"
t562,"['Tomatoes', 'Chia Seeds', 'Vaseline Petroleum Jelly', 'Carrots', 'Eggs', 'Face Wash', 'Cornflakes', 'Capsicum', 'Comfort After Wash']"
t563,"['Tomatoes', 'Chicken', 'Milk', 'Almonds', 'Toothpaste', 'Eggs', 'Pantene Conditioner', 'Butter', 'Crystal Large Garbage Bag', 'Onions', 'Bread', 'Let’s Try Peri Peri Makhana']"
t564,"['Tomatoes', 'Chicken', 'Milk', 'Shampoo', 'Conditioner', 'Fish', 'Balaji Masala Masti Chips', 'Lay’s India’s Magic Masala', 'Bread', 'Capsicum']"
t565,"['Red Label Tea', 'Tomatoes', 'Milk', 'Conditioner', 'MDH Chaat Masala', 'Juice', 'Eggs', 'Fish', 'Butter', 'Face Wash', 'Colin Glass Cleaner']"
t566,"['Tomatoes', 'Curtains', 'Milk', 'MTR Ready-to-Eat Poha', 'Shampoo', 'Organic Honey', 'Juice', 'Butter', 'Face Wash', 'Cornflakes', 'Maggi Instant Noodles', 'Bananas', 'Saffron', 'Bread', 'Capsicum']"
t567,"['Chicken', 'Milk', 'MTR Ready-to-Eat Poha', 'Shampoo', 'Conditioner', 'Aloo Bhujia', 'Eggs', 'Fish', 'Bedsheet Double Bed', 'Rice', 'Bread']"
t568,"['Chicken', 'Milk', 'Soap', 'Tata Salt', 'Shampoo', 'Conditioner', 'Rice', 'Comfort After Wash', 'Bananas', 'Bread', 'Capsicum', 'Ashirvaad Whole Wheat Atta']"
t569,"['Tomatoes', 'Chicken', 'Dettol Hand Wash', 'Shampoo', 'Toothpaste', 'Eggs', 'Juice', 'Fish', 'Salt', 'Rice', 'Maggi Instant Noodles', 'Bread', 'Ashirvaad Whole Wheat Atta']"
t570,"['Tomatoes', 'Carrots', 'Eggs', 'Cheese', 'Balaji Masala Masti Chips', 'Salt', 'Butter', 'Face Wash', 'Rice', 'Bread', 'Capsicum', 'Colin Glass Cleaner']"
t571,"['Shampoo', 'Conditioner', 'Fortune Sunlite Refined Oil', 'India Gate Basmati Rice', 'Cheese', 'Pillow Cover', 'Salt', 'Butter', 'Bread', 'Origami Tissue Paper', 'Fresh Apples']"
t572,"['Chicken', 'Conditioner', 'Cheese', 'Fish', 'Protein Powder', 'Rice', 'Cornflakes', 'Curtains', 'Capsicum', 'Fresh Apples']"
t573,"['Tomatoes', 'Soap', 'Fish', 'Himalaya Face Wash', 'Salt', 'Face Wash', 'Rice', 'Comfort After Wash', 'Everest Garam Masala', 'Origami Tissue Paper', 'Let’s Try Peri Peri Makhana']"
t574,"['Tomatoes', 'Milk', 'Juice', 'Eggs', 'Face Wash', 'Cornflakes', 'Elegant Weavers Doormat', 'Crystal Large Garbage Bag', 'Let’s Try Peri Peri Makhana']"
t575,"['Red Label Tea', 'Tomatoes', 'Everest Garam Masala', 'Soap', 'Shampoo', 'MDH Chaat Masala', 'Fish', 'Butter', 'Rice', 'Cornflakes', 'Crystal Large Garbage Bag', 'Bread', 'Let’s Try Peri Peri Makhana']"
t576,"['Tomatoes', 'Chicken', 'Milk', 'MTR Ready-to-Eat Poha', 'Shampoo', 'Tata Premium Tea', 'Juice', 'Eggs', 'Cheese', 'Salt', 'Butter', 'Origami Tissue Paper', 'Let’s Try Peri Peri Makhana', 'Fresh Apples']"
t577,"['Chicken', 'Olive Oil', 'Milk', 'Tata Salt', 'Shampoo', 'Conditioner', 'Toothpaste', 'Ariel Liquid Detergent', 'Salt', 'Butter', 'Rice', 'Cornflakes', 'Saffron', 'Bread', 'Lay’s American Cream & Onion', 'Fresh Apples']"
t578,"['Soap', 'MTR Ready-to-Eat Poha', 'Shampoo', 'Dove Shampoo', 'Tata Premium Tea', 'Juice', 'Salt', 'Protein Powder', 'Rice', 'Saffron']"
t579,"['Chicken', 'Milk', 'Shampoo', 'Conditioner', 'Organic Honey', 'Eggs', 'Rice', 'Cornflakes', 'Crystal Large Garbage Bag', 'Bread', 'Ashirvaad Whole Wheat Atta']"
t580,"['Red Label Tea', 'Shampoo', 'Fortune Sunlite Refined Oil', 'Carrots', 'Juice', 'Pantene Conditioner', 'Cheese', 'Butter', 'Rice', 'Cornflakes', 'Saffron', 'Capsicum']"
t581,"['Tomatoes', 'Milk', 'Conditioner', 'Cheese', 'Salt', 'Butter', 'Rice', 'Maggi Instant Noodles', 'Everest Garam Masala', 'Capsicum']"
t582,"['Shampoo', 'Conditioner', 'MDH Chaat Masala', 'Tata Premium Tea', 'Pantene Conditioner', 'Eggs', 'Cheese', 'Face Wash', 'Cornflakes', 'Let’s Try Peri Peri Makhana', 'Colin Glass Cleaner']"
t583,"['Tomatoes', 'Conditioner', 'Dove Shampoo', 'Tata Premium Tea', 'Juice', 'Face Wash', 'Cornflakes', 'Bread', 'Capsicum', 'Himalaya Face Wash', 'Ashirvaad Whole Wheat Atta']"
t584,"['Tomatoes', 'Chicken', 'Everest Garam Masala', 'Shampoo', 'Conditioner', 'Fish', 'Protein Powder', 'Rice', 'Saffron', 'Bread', 'Capsicum', 'Colin Glass Cleaner']"
t585,"['Milk', 'Shampoo', 'Almonds', 'Carrots', 'Tata Premium Tea', 'Toothpaste', 'Pantene Conditioner', 'Face Wash', 'Rice', 'Colin Glass Cleaner']"
t586,"['Olive Oil', 'Conditioner', 'Organic Honey', 'Carrots', 'Cheese', 'Fish', 'Salt', 'Face Wash', 'Rice', 'Cornflakes', 'Lay’s India’s Magic Masala', 'Bread', 'Capsicum', 'Pillow Cover']"
t587,"['Tomatoes', 'Milk', 'Toothpaste', 'Spinach', 'Fish', 'Salt', 'Cornflakes', 'Lay’s India’s Magic Masala', 'Bread', 'Capsicum', 'Himalaya Face Wash', 'Comfort After Wash']"
t588,"['Tomatoes', 'Chicken', 'Tata Salt', 'Conditioner', 'MDH Chaat Masala', 'Face Wash', 'Cornflakes', 'Curtains', 'Capsicum', 'Origami Tissue Paper']"
t589,"['Tomatoes', 'Chicken', 'Tata Salt', 'Shampoo', 'Toothpaste', 'Fish', 'Nescafe Gold Blend Rich and Smooth Coffee', 'Salt', 'Rice', 'Cornflakes', 'Curtains', 'Bread', 'Capsicum', 'Pillow Cover']"
t590,"['Chicken', 'Milk', 'Dettol Hand Wash', 'Eggs', 'Cheese', 'Nescafe Gold Blend Rich and Smooth Coffee', 'Salt', 'Face Wash', 'Cornflakes', 'Elegant Weavers Doormat', 'Potatoes', 'Saffron']"
t591,"['Conditioner', 'Carrots', 'MDH Chaat Masala', 'Toothpaste', 'Eggs', 'Salt', 'Butter', 'Protein Powder', 'Energy Drink', 'Origami Tissue Paper']"
t592,"['Red Label Tea', 'Milk', 'Shampoo', 'MDH Chaat Masala', 'Tata Premium Tea', 'Toothpaste', 'Eggs', 'Juice', 'Fish', 'Salt', 'Bread', 'Himalaya Face Wash']"
t593,"['Tomatoes', 'Tata Salt', 'Juice', 'Eggs', 'Cheese', 'Toothpaste', 'Butter', 'Bedsheet Double Bed', 'Onions', 'Capsicum']"
t594,"['Tomatoes', 'Shampoo', 'Toothpaste', 'Eggs', 'Cheese', 'Nescafe Gold Blend Rich and Smooth Coffee', 'Maggi Instant Noodles', 'Curtains', 'Capsicum']"
t595,"['Olive Oil', 'Milk', 'Shampoo', 'Organic Honey', 'Dove Shampoo', 'Aloo Bhujia', 'Colgate Toothpaste', 'Eggs', 'Fish', 'Salt', 'Cornflakes', 'Elegant Weavers Doormat', 'Onions']"
t596,"['Tomatoes', 'Chicken', 'Soap', 'MTR Ready-to-Eat Poha', 'Tata Salt', 'Shampoo', 'Conditioner', 'Cheese', 'Salt', 'Rice', 'Potatoes', 'Bread']"
t597,"['Tomatoes', 'Soap', 'Chia Seeds', 'Vaseline Petroleum Jelly', 'Conditioner', 'Toothpaste', 'Eggs', 'Fish', 'Rice', 'Bread', 'Capsicum', 'Ashirvaad Whole Wheat Atta']"
t598,"['Everest Garam Masala', 'Milk', 'Soap', 'Shampoo', 'Conditioner', 'Toothpaste', 'Eggs', 'Pantene Conditioner', 'Maggi Instant Noodles', 'Bread', 'Let’s Try Peri Peri Makhana']"
t599,"['Tomatoes', 'Chicken', 'Milk', 'Olive Oil', 'Tata Salt', 'Shampoo', 'Juice', 'Pantene Conditioner', 'Bedsheet Double Bed', 'Cornflakes', 'Capsicum', 'Pillow Cover']"
t600,"['Chia Seeds', 'Shampoo', 'Conditioner', 'Almonds', 'Juice', 'Toothpaste', 'Cheese', 'Colgate Toothpaste', 'Rice', 'Potatoes', 'Lay’s India’s Magic Masala', 'Capsicum', 'Fresh Apples']"
t601,"['Tomatoes', 'Chicken', 'Milk', 'Shampoo', 'Juice', 'Pantene Conditioner', 'Cheese', 'Balaji Masala Masti Chips', 'Butter', 'Nivea Body Lotion', 'Rice', 'Bread']"
t602,"['Tomatoes', 'Chicken', 'Conditioner', 'Juice', 'Eggs', 'Pantene Conditioner', 'Salt', 'Butter', 'Protein Powder', 'Saffron', 'Lay’s American Cream & Onion']"
t603,"['Tomatoes', 'Chicken', 'Soap', 'Shampoo', 'Juice', 'Spinach', 'Butter', 'Bedsheet Double Bed', 'Rice', 'Onions', 'Bread', 'Pillow Cover']"
t604,"['Tomatoes', 'Chicken', 'Organic Honey', 'Toothpaste', 'Juice', 'Spinach', 'Fish', 'Salt', 'Protein Powder', 'Rice', 'Crystal Large Garbage Bag', 'Capsicum', 'Let’s Try Peri Peri Makhana']"
t605,"['Milk', 'Conditioner', 'Colgate Toothpaste', 'Salt', 'Face Wash', 'Rice', 'Cornflakes', 'HIT Crawling Insect Killer', 'Bread', 'Lay’s American Cream & Onion', 'Ashirvaad Whole Wheat Atta', 'Colin Glass Cleaner']"
t606,"['Milk', 'Soap', 'Conditioner', 'Fortune Sunlite Refined Oil', 'Dove Shampoo', 'Juice', 'Salt', 'Butter', 'Rice', 'Bread', 'Capsicum']"
t607,"['Olive Oil', 'Vaseline Petroleum Jelly', 'Shampoo', 'Organic Honey', 'Juice', 'Salt', 'Bedsheet Double Bed', 'Face Wash', 'Rice', 'HIT Crawling Insect Killer', 'Bread', 'Capsicum']"
t608,"['Tomatoes', 'Shampoo', 'Tata Premium Tea', 'Juice', 'Butter', 'Rice', 'Crystal Large Garbage Bag']"
t609,"['Tomatoes', 'Milk', 'Soap', 'Carrots', 'Fish', 'Salt', 'Bedsheet Double Bed', 'Face Wash', 'Capsicum']"
t610,"['Tomatoes', 'Chicken', 'Milk', 'MTR Ready-to-Eat Poha', 'Shampoo', 'Fish', 'Bananas', 'Bread', 'Capsicum']"
t611,"['Milk', 'Soap', 'Shampoo', 'Conditioner', 'Toothpaste', 'Eggs', 'Cheese', 'Fish', 'Pantene Conditioner', 'Bread', 'Himalaya Face Wash']"
t612,"['Red Label Tea', 'Tomatoes', 'Chia Seeds', 'Conditioner', 'Dove Shampoo', 'Juice', 'Eggs', 'Spinach', 'Fish', 'Salt', 'Face Wash', 'Lay’s India’s Magic Masala', 'Bread', 'Let’s Try Peri Peri Makhana']"
t613,"['Tomatoes', 'Milk', 'Conditioner', 'Toothpaste', 'Eggs', 'Spinach', 'Pantene Conditioner', 'Salt', 'Butter', 'Face Wash', 'Potatoes', 'Bananas', 'Bread', 'Capsicum']"
t614,"['Soap', 'Conditioner', 'Dove Shampoo', 'Eggs', 'Fish', 'Salt', 'Rice', 'Maggi Instant Noodles', 'Potatoes', 'Bread', 'Capsicum', 'Himalaya Face Wash', 'Ashirvaad Whole Wheat Atta']"
t615,"['Tomatoes', 'Chicken', 'Olive Oil', 'Curtains', 'Shampoo', 'Toothpaste', 'Eggs', 'Energy Drink', 'Face Wash', 'Nivea Body Lotion', 'Bananas', 'Origami Tissue Paper']"
t616,"['Tomatoes', 'Conditioner', 'Organic Honey', 'Juice', 'Eggs', 'Spinach', 'Butter', 'Energy Drink', 'Nivea Body Lotion', 'Rice', 'Cornflakes', 'Bread', 'Capsicum', 'Origami Tissue Paper', 'Colin Glass Cleaner']"
t617,"['Red Label Tea', 'Tomatoes', 'Almonds', 'Conditioner', 'Tata Premium Tea', 'Juice', 'Fish', 'Salt', 'Protein Powder', 'Bedsheet Double Bed', 'Rice', 'Maggi Instant Noodles', 'Bread', 'Capsicum']"
t618,"['Olive Oil', 'Milk', 'Shampoo', 'Conditioner', 'Carrots', 'Toothpaste', 'Eggs', 'Balaji Masala Masti Chips', 'Salt', 'Butter', 'Face Wash', 'Cornflakes', 'Bananas', 'Saffron', 'Bread']"
t619,"['Tomatoes', 'Soap', 'Shampoo', 'Dove Shampoo', 'Fish', 'Balaji Masala Masti Chips', 'Rice', 'Cornflakes', 'Bread', 'Capsicum', 'Himalaya Face Wash', 'Colin Glass Cleaner']"
t620,"['Red Label Tea', 'Tomatoes', 'Chicken', 'Milk', 'Conditioner', 'Eggs', 'Fish', 'Balaji Masala Masti Chips', 'Salt', 'Butter', 'Energy Drink', 'Face Wash', 'Rice']"
t621,"['Milk', 'Soap', 'Shampoo', 'Aloo Bhujia', 'MDH Chaat Masala', 'Toothpaste', 'Juice', 'Fish', 'HIT Crawling Insect Killer', 'Bread', 'Ashirvaad Whole Wheat Atta', 'Colin Glass Cleaner']"
t622,"['Tomatoes', 'Soap', 'Vaseline Petroleum Jelly', 'Shampoo', 'Conditioner', 'Organic Honey', 'Toothpaste', 'Eggs', 'Nescafe Gold Blend Rich and Smooth Coffee', 'Balaji Masala Masti Chips', 'Butter', 'Energy Drink', 'Face Wash', 'Curtains', 'Bread', 'Capsicum', 'Fresh Apples']"
t623,"['Chicken', 'Milk', 'Shampoo', 'Conditioner', 'Juice', 'Eggs', 'Pantene Conditioner', 'Fish', 'Bananas', 'Bread', 'Capsicum', 'Origami Tissue Paper']"
t624,"['Chicken', 'Juice', 'Eggs', 'Toothpaste', 'Salt', 'Rice', 'Potatoes', 'Onions', 'Saffron', 'Ashirvaad Whole Wheat Atta']"
t625,"['Tomatoes', 'Milk', 'Soap', 'MDH Chaat Masala', 'Dove Shampoo', 'Juice', 'Spinach', 'Butter', 'Cornflakes', 'Capsicum']"
t626,"['Tomatoes', 'Milk', 'Soap', 'Shampoo', 'Carrots', 'MDH Chaat Masala', 'Toothpaste', 'Salt', 'Butter', 'Ashirvaad Whole Wheat Atta']"
t627,"['Chicken', 'Olive Oil', 'Soap', 'Conditioner', 'Eggs', 'Cheese', 'Salt', 'Face Wash', 'Nivea Body Lotion', 'Bananas']"
t628,"['Chicken', 'Milk', 'Conditioner', 'Organic Honey', 'Aloo Bhujia', 'Butter', 'Face Wash', 'Rice', 'Maggi Instant Noodles', 'Elegant Weavers Doormat', 'Bread', 'Capsicum', 'Colin Glass Cleaner', 'Fresh Apples']"
t629,"['Tomatoes', 'Milk', 'Shampoo', 'Colgate Toothpaste', 'Cheese', 'Fish', 'Salt', 'Cornflakes', 'Onions', 'Bread', 'Capsicum']"
t630,"['Chicken', 'Dettol Hand Wash', 'Shampoo', 'Conditioner', 'Fish', 'Salt', 'Butter', 'Rice', 'Potatoes', 'Lay’s India’s Magic Masala', 'Fresh Apples', 'Capsicum', 'Pillow Cover']"
t631,"['Tomatoes', 'Olive Oil', 'Milk', 'Conditioner', 'Toothpaste', 'Juice', 'Rice', 'HIT Crawling Insect Killer', 'Everest Garam Masala']"
t632,"['Red Label Tea', 'Tomatoes', 'Milk', 'Shampoo', 'Conditioner', 'Toothpaste', 'Eggs', 'India Gate Basmati Rice', 'Fish', 'Face Wash', 'Cornflakes', 'Nivea Body Lotion', 'Lay’s India’s Magic Masala', 'Capsicum', 'Colin Glass Cleaner']"
t633,"['Tomatoes', 'Chicken', 'Milk', 'Soap', 'Eggs', 'Fish', 'Salt', 'HIT Crawling Insect Killer', 'Capsicum']"
t634,"['Red Label Tea', 'Tomatoes', 'Conditioner', 'Eggs', 'Fish', 'Salt', 'Cornflakes']"
t635,"['Tomatoes', 'Chicken', 'Milk', 'Dettol Hand Wash', 'Fortune Sunlite Refined Oil', 'Toothpaste', 'Pantene Conditioner', 'Cheese', 'Salt', 'Butter', 'Ashirvaad Whole Wheat Atta', 'Pillow Cover']"
t636,"['Dettol Hand Wash', 'Eggs', 'Fish', 'Face Wash', 'Rice', 'Capsicum', 'Fresh Apples']"
t637,"['Tomatoes', 'Soap', 'Conditioner', 'Carrots', 'India Gate Basmati Rice', 'Eggs', 'Salt', 'Butter', 'Face Wash', 'Cornflakes', 'Potatoes', 'HIT Crawling Insect Killer', 'Bread', 'Capsicum']"
t638,"['Tomatoes', 'Olive Oil', 'Soap', 'Tata Salt', 'Organic Honey', 'Toothpaste', 'Eggs', 'Cheese', 'India Gate Basmati Rice', 'Salt', 'Butter', 'Rice', 'Crystal Large Garbage Bag', 'Colin Glass Cleaner']"
t639,"['Tomatoes', 'Chicken', 'Vaseline Petroleum Jelly', 'Conditioner', 'Cheese', 'Salt', 'Face Wash', 'Cornflakes', 'Bananas', 'Bread', 'Pillow Cover']"
t640,"['Tomatoes', 'Soap', 'Vaseline Petroleum Jelly', 'Shampoo', 'Pantene Conditioner', 'India Gate Basmati Rice', 'Fish', 'Salt', 'Face Wash', 'Cornflakes', 'Bread', 'Fresh Apples']"
t641,"['Milk', 'Dettol Hand Wash', 'Shampoo', 'Carrots', 'Juice', 'Eggs', 'Salt', 'Butter', 'Face Wash', 'Rice', 'Cornflakes', 'Capsicum']"
t642,"['Chicken', 'Milk', 'Soap', 'Fortune Sunlite Refined Oil', 'Spinach', 'Salt', 'Bedsheet Double Bed', 'Rice', 'Cornflakes', 'Capsicum', 'Himalaya Face Wash', 'Let’s Try Peri Peri Makhana']"
t643,"['Tata Salt', 'MTR Ready-to-Eat Poha', 'Conditioner', 'Toothpaste', 'Eggs', 'Spinach', 'Fish', 'Salt', 'Nivea Body Lotion', 'Rice', 'Saffron', 'Capsicum', 'Let’s Try Peri Peri Makhana']"
t644,"['Tomatoes', 'Shampoo', 'Toothpaste', 'Eggs', 'Juice', 'India Gate Basmati Rice', 'Salt', 'Energy Drink', 'Lay’s American Cream & Onion', 'Saffron', 'Bread', 'Capsicum']"
t645,"['Tomatoes', 'Chicken', 'Milk', 'Soap', 'Shampoo', 'Organic Honey', 'Fish', 'Balaji Masala Masti Chips', 'Bedsheet Double Bed', 'Protein Powder', 'Crystal Large Garbage Bag', 'Onions', 'Bread', 'Capsicum', 'Origami Tissue Paper']"
t646,"['Tomatoes', 'Everest Garam Masala', 'Shampoo', 'Conditioner', 'Organic Honey', 'Tata Premium Tea', 'Toothpaste', 'Cheese', 'Salt', 'Butter', 'Protein Powder', 'Potatoes', 'Bananas', 'Onions', 'Bread', 'Capsicum']"
t647,"['Conditioner', 'Pantene Conditioner', 'Eggs', 'Cheese', 'Salt', 'Cornflakes', 'Lay’s India’s Magic Masala', 'Capsicum', 'Colin Glass Cleaner']"
t648,"['Tomatoes', 'Milk', 'Conditioner', 'Dove Shampoo', 'Juice', 'Toothpaste', 'Cheese', 'Salt', 'Lay’s American Cream & Onion', 'Capsicum', 'Ashirvaad Whole Wheat Atta', 'Comfort After Wash']"
t649,"['Olive Oil', 'Milk', 'Conditioner', 'Organic Honey', 'Fortune Sunlite Refined Oil', 'Juice', 'Himalaya Face Wash', 'Face Wash', 'Rice', 'Bread', 'Capsicum', 'Origami Tissue Paper']"
t650,"['Chicken', 'Milk', 'Soap', 'Conditioner', 'Eggs', 'Fish', 'Balaji Masala Masti Chips', 'Elegant Weavers Doormat', 'Bread', 'Capsicum']"
t651,"['Tomatoes', 'Tata Salt', 'Organic Honey', 'Toothpaste', 'Nescafe Gold Blend Rich and Smooth Coffee', 'Salt', 'Nivea Body Lotion', 'Cornflakes', 'Curtains', 'Lay’s India’s Magic Masala', 'Bread']"
t652,"['Chicken', 'Chia Seeds', 'MTR Ready-to-Eat Poha', 'Vaseline Petroleum Jelly', 'Shampoo', 'Conditioner', 'India Gate Basmati Rice', 'Eggs', 'Cheese', 'Face Wash', 'Rice', 'Cornflakes', 'Lay’s India’s Magic Masala']"
t653,"['Tomatoes', 'Milk', 'MTR Ready-to-Eat Poha', 'Toothpaste', 'Cheese', 'Salt', 'Butter', 'Let’s Try Peri Peri Makhana']"
t654,"['Chicken', 'Shampoo', 'Carrots', 'Toothpaste', 'Juice', 'Cheese', 'Ariel Liquid Detergent', 'Salt', 'Rice', 'Potatoes', 'Bread', 'Himalaya Face Wash']"
t655,"['Red Label Tea', 'Milk', 'Shampoo', 'Toothpaste', 'Salt', 'Bedsheet Double Bed', 'Rice', 'Cornflakes', 'Lay’s India’s Magic Masala', 'Bread', 'Capsicum', 'Comfort After Wash']"
t656,"['Dettol Hand Wash', 'Shampoo', 'Conditioner', 'Dove Shampoo', 'Cheese', 'Salt', 'Face Wash', 'Rice', 'Potatoes', 'Fresh Apples', 'Pillow Cover']"
t657,"['Red Label Tea', 'Tomatoes', 'Milk', 'Tata Salt', 'Conditioner', 'Fortune Sunlite Refined Oil', 'Cheese', 'Salt', 'Bedsheet Double Bed', 'Cornflakes', 'Onions', 'Bread', 'Capsicum']"
t658,"['Tomatoes', 'Chicken', 'Olive Oil', 'Soap', 'Conditioner', 'Fortune Sunlite Refined Oil', 'Eggs', 'Fish', 'Cornflakes', 'Potatoes', 'Himalaya Face Wash']"
t659,"['Tomatoes', 'Chicken', 'Soap', 'Toothpaste', 'Balaji Masala Masti Chips', 'Face Wash', 'Rice', 'Lay’s India’s Magic Masala', 'Bread', 'Capsicum']"
t660,"['Chia Seeds', 'Conditioner', 'Juice', 'Eggs', 'Toothpaste', 'Fish', 'HIT Crawling Insect Killer', 'Bread', 'Colin Glass Cleaner']"
t661,"['Milk', 'Soap', 'Chia Seeds', 'Shampoo', 'Conditioner', 'Aloo Bhujia', 'Tata Premium Tea', 'Cheese', 'Salt', 'Butter', 'Onions', 'Origami Tissue Paper', 'Ashirvaad Whole Wheat Atta']"
t662,"['Milk', 'Bananas', 'Toothpaste', 'Colgate Toothpaste', 'Cheese', 'Balaji Masala Masti Chips', 'Rice', 'Cornflakes', 'Lay’s American Cream & Onion', 'Potatoes', 'Capsicum']"
t663,"['Tomatoes', 'Chicken', 'Milk', 'Dettol Hand Wash', 'Conditioner', 'Tata Premium Tea', 'Cheese', 'Salt', 'Butter', 'Rice', 'Elegant Weavers Doormat', 'Bread']"
t664,"['Milk', 'Vaseline Petroleum Jelly', 'Shampoo', 'Conditioner', 'Carrots', 'Dove Shampoo', 'Juice', 'Cheese', 'Fish', 'Face Wash', 'Bread']"
t665,"['Chicken', 'Conditioner', 'Toothpaste', 'Eggs', 'Fish', 'Nescafe Gold Blend Rich and Smooth Coffee', 'Rice', 'Curtains', 'HIT Crawling Insect Killer', 'Bread', 'Capsicum']"
t666,"['Tomatoes', 'Soap', 'Conditioner', 'Toothpaste', 'Juice', 'Salt', 'Lay’s India’s Magic Masala', 'Bread', 'Colin Glass Cleaner']"
t667,"['Soap', 'Shampoo', 'Conditioner', 'MDH Chaat Masala', 'Toothpaste', 'Eggs', 'Cheese', 'Cornflakes', 'Curtains', 'Bread']"
t668,"['Tomatoes', 'Milk', 'Dove Shampoo', 'Tata Premium Tea', 'Toothpaste', 'Fish', 'Salt', 'Butter', 'Bedsheet Double Bed', 'Face Wash', 'Rice', 'Bread', 'Capsicum']"
t669,"['Red Label Tea', 'Chicken', 'Juice', 'Eggs', 'Toothpaste', 'Salt', 'Rice', 'Cornflakes', 'Bread', 'Capsicum', 'Himalaya Face Wash', 'Let’s Try Peri Peri Makhana']"
t670,"['Tomatoes', 'Chicken', 'Milk', 'Soap', 'Toothpaste', 'Cheese', 'Maggi Instant Noodles', 'Onions', 'Saffron', 'Capsicum', 'Let’s Try Peri Peri Makhana']"
t671,"['Chicken', 'Olive Oil', 'MTR Ready-to-Eat Poha', 'Shampoo', 'Organic Honey', 'Toothpaste', 'Eggs', 'Cheese', 'Nescafe Gold Blend Rich and Smooth Coffee', 'Salt', 'Face Wash', 'Rice', 'Bread']"
t672,"['Tomatoes', 'Chicken', 'Milk', 'Dove Shampoo', 'Toothpaste', 'Pantene Conditioner', 'Fish', 'Protein Powder', 'Cornflakes', 'Bread', 'Capsicum', 'Comfort After Wash']"
t673,"['Chicken', 'Olive Oil', 'Milk', 'MTR Ready-to-Eat Poha', 'MDH Chaat Masala', 'Toothpaste', 'Eggs', 'Spinach', 'Protein Powder', 'Rice', 'Let’s Try Peri Peri Makhana']"
t674,"['Milk', 'Dettol Hand Wash', 'Aloo Bhujia', 'Juice', 'Eggs', 'Salt', 'Rice', 'Cornflakes', 'Potatoes', 'Maggi Instant Noodles', 'Capsicum', 'Ashirvaad Whole Wheat Atta']"
t675,"['Red Label Tea', 'Tomatoes', 'Chicken', 'Milk', 'MTR Ready-to-Eat Poha', 'Shampoo', 'Toothpaste', 'Eggs', 'Cheese', 'Salt', 'Butter', 'Energy Drink', 'Saffron', 'Capsicum', 'Pillow Cover']"
t676,"['Tomatoes', 'Milk', 'Juice', 'Eggs', 'Toothpaste', 'Fish', 'India Gate Basmati Rice', 'Salt', 'Pantene Conditioner', 'Rice', 'Cornflakes', 'Bread']"
t677,"['Milk', 'Soap', 'Shampoo', 'Eggs', 'Cheese', 'Nescafe Gold Blend Rich and Smooth Coffee', 'Bread', 'Let’s Try Peri Peri Makhana']"
t678,"['Tomatoes', 'MDH Chaat Masala', 'India Gate Basmati Rice', 'Eggs', 'Cheese', 'Fish', 'Butter', 'Rice']"
t679,"['Tomatoes', 'Chicken', 'Chia Seeds', 'Pantene Conditioner', 'Eggs', 'Balaji Masala Masti Chips', 'Salt', 'Protein Powder', 'Rice', 'Cornflakes', 'Bread', 'Capsicum']"
t680,"['Tomatoes', 'Milk', 'Aloo Bhujia', 'Tata Premium Tea', 'Salt', 'Butter', 'Cornflakes', 'Lay’s India’s Magic Masala']"
t681,"['Milk', 'Shampoo', 'Conditioner', 'Toothpaste', 'Fish', 'Balaji Masala Masti Chips', 'Salt', 'Protein Powder', 'Cornflakes', 'Capsicum']"
t682,"['Chicken', 'Milk', 'Soap', 'Shampoo', 'Conditioner', 'Juice', 'Toothpaste', 'Salt', 'Rice', 'Bread', 'Capsicum', 'Himalaya Face Wash', 'Let’s Try Peri Peri Makhana']"
t683,"['Red Label Tea', 'Aloo Bhujia', 'Tata Premium Tea', 'Eggs', 'Fish', 'Face Wash', 'Rice', 'Potatoes', 'Capsicum']"
t684,"['Tomatoes', 'Milk', 'Shampoo', 'Almonds', 'Juice', 'Eggs', 'Fish', 'Butter', 'Face Wash', 'Rice', 'Potatoes', 'Saffron', 'Capsicum', 'Colin Glass Cleaner']"
t685,"['Tomatoes', 'Tata Salt', 'Conditioner', 'India Gate Basmati Rice', 'Fish', 'Protein Powder', 'Rice', 'Cornflakes', 'Capsicum', 'Origami Tissue Paper', 'Let’s Try Peri Peri Makhana']"
t686,"['Tomatoes', 'Milk', 'Soap', 'Dettol Hand Wash', 'Tata Salt', 'Juice', 'Butter', 'Rice', 'Elegant Weavers Doormat', 'Onions', 'Bread', 'Capsicum', 'Ashirvaad Whole Wheat Atta']"
t687,"['Tomatoes', 'Chicken', 'Milk', 'Conditioner', 'Toothpaste', 'Eggs', 'Cheese', 'India Gate Basmati Rice', 'Himalaya Face Wash']"
t688,"['Milk', 'Soap', 'Conditioner', 'MDH Chaat Masala', 'Tata Premium Tea', 'Toothpaste', 'Eggs', 'Salt', 'Butter', 'Face Wash', 'Nivea Body Lotion', 'Bananas', 'Ashirvaad Whole Wheat Atta']"
t689,"['Tomatoes', 'Shampoo', 'Conditioner', 'MDH Chaat Masala', 'Juice', 'India Gate Basmati Rice', 'Salt', 'Butter', 'Protein Powder', 'Rice', 'Elegant Weavers Doormat', 'Lay’s American Cream & Onion', 'Capsicum', 'Let’s Try Peri Peri Makhana']"
t690,"['Tomatoes', 'Shampoo', 'Organic Honey', 'Fish', 'Face Wash', 'Nivea Body Lotion', 'Capsicum', 'Comfort After Wash']"
t691,"['Tomatoes', 'Chicken', 'Milk', 'Shampoo', 'Conditioner', 'Dove Shampoo', 'Juice', 'Fish', 'Capsicum']"
t692,"['Tomatoes', 'Soap', 'Conditioner', 'Organic Honey', 'MDH Chaat Masala', 'Cheese', 'Face Wash', 'Rice', 'Cornflakes', 'Elegant Weavers Doormat', 'Origami Tissue Paper', 'Colin Glass Cleaner', 'Pillow Cover']"
t693,"['Soap', 'MTR Ready-to-Eat Poha', 'Organic Honey', 'Fortune Sunlite Refined Oil', 'Juice', 'Eggs', 'Salt', 'Butter', 'Energy Drink', 'Rice', 'Elegant Weavers Doormat', 'Colin Glass Cleaner']"
t694,"['Soap', 'Conditioner', 'Cheese', 'Fish', 'Salt', 'Butter', 'Rice', 'HIT Crawling Insect Killer', 'Bread', 'Capsicum', 'Let’s Try Peri Peri Makhana', 'Pillow Cover']"
t695,"['Chicken', 'Milk', 'MTR Ready-to-Eat Poha', 'Tata Premium Tea', 'Toothpaste', 'Juice', 'Salt', 'Bedsheet Double Bed', 'Potatoes', 'Capsicum']"
t696,"['Tomatoes', 'Soap', 'Almonds', 'Conditioner', 'Juice', 'Rice', 'Bananas', 'Saffron', 'Everest Garam Masala', 'Capsicum']"
t697,"['Olive Oil', 'Everest Garam Masala', 'Soap', 'Curtains', 'Organic Honey', 'Eggs', 'Salt', 'Rice', 'Cornflakes', 'Lay’s American Cream & Onion', 'Bread', 'Capsicum', 'Comfort After Wash']"
t698,"['Olive Oil', 'Shampoo', 'Conditioner', 'Carrots', 'Juice', 'Cheese', 'Salt', 'Capsicum']"
t699,"['Tomatoes', 'Milk', 'Soap', 'Shampoo', 'Conditioner', 'Colgate Toothpaste', 'Cheese', 'Balaji Masala Masti Chips', 'Face Wash', 'Rice', 'Lay’s India’s Magic Masala', 'Onions', 'Bread']"
t700,"['Tomatoes', 'MTR Ready-to-Eat Poha', 'Shampoo', 'Juice', 'Eggs', 'Cheese', 'Fish', 'Pantene Conditioner', 'Salt', 'Bananas', 'Capsicum']"
t701,"['Tomatoes', 'Soap', 'Conditioner', 'Dove Shampoo', 'Cheese', 'Ariel Liquid Detergent', 'Salt', 'Butter', 'Face Wash', 'Rice', 'Saffron', 'Bread', 'Capsicum']"
t702,"['Curtains', 'Milk', 'Chia Seeds', 'Shampoo', 'Aloo Bhujia', 'Butter', 'Protein Powder', 'Bedsheet Double Bed', 'Face Wash', 'Cornflakes', 'Rice', 'Nivea Body Lotion', 'Lay’s India’s Magic Masala']"
t703,"['Chicken', 'Shampoo', 'Carrots', 'Juice', 'Eggs', 'Salt', 'Butter', 'Bedsheet Double Bed', 'Maggi Instant Noodles', 'Lay’s India’s Magic Masala', 'Bread', 'Fresh Apples']"
t704,"['Chicken', 'Milk', 'Soap', 'Shampoo', 'Conditioner', 'Fortune Sunlite Refined Oil', 'Juice', 'Ariel Liquid Detergent', 'Fish', 'Salt', 'Nivea Body Lotion', 'HIT Crawling Insect Killer', 'Fresh Apples']"
t705,"['Tomatoes', 'MDH Chaat Masala', 'Dove Shampoo', 'Toothpaste', 'India Gate Basmati Rice', 'Face Wash', 'Bread', 'Capsicum']"
t706,"['Chicken', 'Milk', 'Conditioner', 'Toothpaste', 'Eggs', 'Pantene Conditioner', 'Balaji Masala Masti Chips', 'Salt', 'Butter', 'Bread']"
t707,"['Tomatoes', 'Milk', 'Soap', 'Juice', 'Eggs', 'Face Wash', 'Rice', 'Bread', 'Let’s Try Peri Peri Makhana', 'Fresh Apples']"
t708,"['Tomatoes', 'Chicken', 'Soap', 'Tata Salt', 'Conditioner', 'Aloo Bhujia', 'Eggs', 'Fish', 'Salt', 'Rice', 'Cornflakes', 'Capsicum', 'Ashirvaad Whole Wheat Atta', 'Colin Glass Cleaner']"
t709,"['Tomatoes', 'Milk', 'Vaseline Petroleum Jelly', 'Conditioner', 'Cheese', 'Face Wash', 'Capsicum', 'Comfort After Wash']"
t710,"['Tomatoes', 'Milk', 'Dettol Hand Wash', 'Shampoo', 'Eggs', 'Fish', 'Balaji Masala Masti Chips', 'Salt', 'Butter', 'Nescafe Gold Blend Rich and Smooth Coffee', 'Cornflakes', 'Everest Garam Masala', 'Capsicum', 'Comfort After Wash']"
t711,"['Tomatoes', 'Chicken', 'Olive Oil', 'Shampoo', 'Organic Honey', 'Juice', 'Ariel Liquid Detergent', 'Salt', 'Rice', 'Curtains', 'Himalaya Face Wash', 'Ashirvaad Whole Wheat Atta']"
t712,"['Tomatoes', 'Shampoo', 'Conditioner', 'Fortune Sunlite Refined Oil', 'Toothpaste', 'Fish', 'Himalaya Face Wash', 'Pillow Cover']"
t713,"['Tomatoes', 'Chicken', 'Milk', 'Shampoo', 'Toothpaste', 'Eggs', 'Fish', 'Pillow Cover', 'Face Wash', 'Rice', 'Potatoes', 'Fresh Apples']"
t714,"['Tomatoes', 'Milk', 'Soap', 'Conditioner', 'Fish', 'Salt', 'Butter', 'Nivea Body Lotion', 'Rice', 'Potatoes', 'Saffron']"
t715,"['Tomatoes', 'Milk', 'Shampoo', 'Conditioner', 'Toothpaste', 'Juice', 'Salt', 'Butter', 'Bread', 'Origami Tissue Paper', 'Let’s Try Peri Peri Makhana']"
t716,"['Tomatoes', 'Olive Oil', 'Milk', 'Soap', 'Shampoo', 'Conditioner', 'Toothpaste', 'Eggs', 'Protein Powder', 'Bananas', 'HIT Crawling Insect Killer', 'Bread', 'Capsicum', 'Fresh Apples']"
t717,"['Tomatoes', 'Shampoo', 'Conditioner', 'Fortune Sunlite Refined Oil', 'Juice', 'Eggs', 'Toothpaste', 'Salt', 'Butter', 'Face Wash', 'Fresh Apples']"
t718,"['Chicken', 'Tomatoes', 'Milk', 'Shampoo', 'Carrots', 'Juice', 'Toothpaste', 'Ariel Liquid Detergent', 'Salt', 'Butter', 'Energy Drink', 'Rice', 'Bread', 'Capsicum']"
t719,"['Chia Seeds', 'Conditioner', 'Cheese', 'Fish', 'Pillow Cover', 'Salt', 'Protein Powder', 'Onions', 'Bread', 'Comfort After Wash', 'Colin Glass Cleaner', 'Fresh Apples']"
t720,"['Chicken', 'Milk', 'Tata Salt', 'Eggs', 'Fish', 'Salt', 'Protein Powder', 'Energy Drink', 'Rice', 'Cornflakes', 'Origami Tissue Paper']"
t721,"['Tomatoes', 'Milk', 'Tata Salt', 'Shampoo', 'Fortune Sunlite Refined Oil', 'Juice', 'Ariel Liquid Detergent', 'Nescafe Gold Blend Rich and Smooth Coffee', 'Butter', 'Cornflakes', 'Rice', 'Himalaya Face Wash']"
t722,"['Tomatoes', 'Chia Seeds', 'Organic Honey', 'Juice', 'Toothpaste', 'Cheese', 'Salt', 'Potatoes', 'Bread', 'Capsicum', 'Himalaya Face Wash']"
t723,"['Red Label Tea', 'Tomatoes', 'Milk', 'Shampoo', 'Juice', 'Eggs', 'Fish', 'Cornflakes', 'Maggi Instant Noodles', 'Crystal Large Garbage Bag', 'Saffron', 'Himalaya Face Wash', 'Ashirvaad Whole Wheat Atta']"
t724,"['Tomatoes', 'Tata Salt', 'Conditioner', 'Fortune Sunlite Refined Oil', 'Tata Premium Tea', 'Toothpaste', 'Fish', 'Salt', 'Butter', 'Bedsheet Double Bed', 'Rice', 'Capsicum', 'Ashirvaad Whole Wheat Atta']"
t725,"['Dettol Hand Wash', 'Shampoo', 'Conditioner', 'Almonds', 'Dove Shampoo', 'Balaji Masala Masti Chips', 'Salt', 'Energy Drink', 'Face Wash', 'Rice', 'Cornflakes', 'Bananas', 'Bread', 'Pillow Cover']"
t726,"['Shampoo', 'Eggs', 'Ariel Liquid Detergent', 'Fish', 'Face Wash', 'Rice', 'Bananas', 'Capsicum']"
t727,"['Tomatoes', 'Chicken', 'Milk', 'Aloo Bhujia', 'India Gate Basmati Rice', 'Eggs', 'Butter', 'Face Wash', 'Elegant Weavers Doormat', 'Maggi Instant Noodles', 'Bread', 'Capsicum']"
t728,"['Tomatoes', 'Milk', 'Shampoo', 'Conditioner', 'Carrots', 'India Gate Basmati Rice', 'Pantene Conditioner', 'Fish', 'Butter', 'Rice', 'Cornflakes', 'Maggi Instant Noodles', 'Capsicum']"
t729,"['Tomatoes', 'Milk', 'Soap', 'Almonds', 'Fortune Sunlite Refined Oil', 'Eggs', 'Butter', 'Everest Garam Masala', 'Capsicum']"
t730,"['Soap', 'Bananas', 'Organic Honey', 'Toothpaste', 'Eggs', 'Cheese', 'Salt', 'Energy Drink', 'Rice', 'Cornflakes', 'Maggi Instant Noodles', 'Elegant Weavers Doormat', 'HIT Crawling Insect Killer', 'Lay’s American Cream & Onion']"
t731,"['Tomatoes', 'Milk', 'Dettol Hand Wash', 'Shampoo', 'Conditioner', 'Juice', 'Cheese', 'Fish', 'Ariel Liquid Detergent', 'Salt', 'Bedsheet Double Bed', 'Rice', 'Onions']"
t732,"['Tomatoes', 'Chicken', 'Milk', 'Conditioner', 'Toothpaste', 'Eggs', 'Rice', 'Crystal Large Garbage Bag', 'HIT Crawling Insect Killer', 'Bread', 'Fresh Apples']"
t733,"['Chicken', 'Milk', 'Soap', 'Shampoo', 'Cheese', 'Ariel Liquid Detergent', 'Salt', 'Face Wash', 'Crystal Large Garbage Bag', 'Maggi Instant Noodles', 'Curtains', 'Lay’s India’s Magic Masala', 'Capsicum']"
t734,"['Tomatoes', 'Milk', 'Soap', 'Organic Honey', 'MDH Chaat Masala', 'Juice', 'Fish', 'Salt', 'Rice', 'Cornflakes', 'Bread', 'Capsicum', 'Ashirvaad Whole Wheat Atta']"
t735,"['Tomatoes', 'Shampoo', 'Toothpaste', 'Juice', 'Spinach', 'Fish', 'Ariel Liquid Detergent', 'Salt', 'Cornflakes', 'Crystal Large Garbage Bag', 'Lay’s American Cream & Onion']"
t736,"['Tomatoes', 'Shampoo', 'Conditioner', 'Organic Honey', 'Tata Premium Tea', 'Juice', 'Spinach', 'Balaji Masala Masti Chips', 'Butter', 'Rice', 'Cornflakes', 'Potatoes', 'Onions', 'Bread', 'Capsicum']"
t737,"['Tomatoes', 'Shampoo', 'Carrots', 'Juice', 'Eggs', 'Cheese', 'Spinach', 'Pantene Conditioner', 'Cornflakes', 'Bread', 'Capsicum', 'Fresh Apples']"
t738,"['Tomatoes', 'Milk', 'Shampoo', 'Aloo Bhujia', 'Toothpaste', 'Juice', 'Fish', 'Rice', 'HIT Crawling Insect Killer']"
t739,"['Red Label Tea', 'Chicken', 'Dettol Hand Wash', 'Shampoo', 'MDH Chaat Masala', 'Toothpaste', 'Eggs', 'Cheese', 'Juice', 'Bread', 'Capsicum', 'Fresh Apples']"
t740,"['Tomatoes', 'Shampoo', 'Conditioner', 'Juice', 'Fish', 'Face Wash', 'Rice', 'Cornflakes', 'Bread', 'Capsicum', 'Origami Tissue Paper']"
t741,"['Tomatoes', 'Chicken', 'Milk', 'Soap', 'Vaseline Petroleum Jelly', 'Conditioner', 'Aloo Bhujia', 'Eggs', 'Cheese', 'Face Wash', 'Rice', 'Onions', 'Capsicum']"
t742,"['Vaseline Petroleum Jelly', 'Shampoo', 'Conditioner', 'MDH Chaat Masala', 'Toothpaste', 'Eggs', 'Fish', 'Salt', 'Face Wash', 'Rice', 'Cornflakes', 'Saffron', 'Capsicum', 'Himalaya Face Wash', 'Ashirvaad Whole Wheat Atta']"
t743,"['Tomatoes', 'Chicken', 'Juice', 'Bread', 'Capsicum', 'Himalaya Face Wash', 'Let’s Try Peri Peri Makhana']"
t744,"['Tomatoes', 'Soap', 'Dettol Hand Wash', 'Vaseline Petroleum Jelly', 'Shampoo', 'Eggs', 'Cheese', 'Fish', 'Salt', 'Face Wash', 'Rice', 'Bananas', 'Capsicum']"
t745,"['Soap', 'Shampoo', 'Organic Honey', 'Dove Shampoo', 'Toothpaste', 'Eggs', 'Fish', 'Salt', 'Butter', 'Energy Drink', 'Lay’s India’s Magic Masala', 'Bread']"
t746,"['Chicken', 'Tomatoes', 'Milk', 'Tata Salt', 'Shampoo', 'Organic Honey', 'Aloo Bhujia', 'Cheese', 'Energy Drink', 'Curtains', 'Onions', 'Bread']"
t747,"['Milk', 'Soap', 'Shampoo', 'Conditioner', 'Tata Premium Tea', 'Pantene Conditioner', 'Cheese', 'Fish', 'Salt', 'Cornflakes', 'Let’s Try Peri Peri Makhana']"
t748,"['Red Label Tea', 'Tomatoes', 'Conditioner', 'Toothpaste', 'Eggs', 'Butter', 'Face Wash', 'Rice', 'Crystal Large Garbage Bag', 'Bread']"
t749,"['Chicken', 'Toothpaste', 'Salt', 'Butter', 'Bedsheet Double Bed', 'Rice', 'HIT Crawling Insect Killer', 'Capsicum']"
t750,"['Tomatoes', 'Milk', 'Eggs', 'Fish', 'Cornflakes', 'Colin Glass Cleaner', 'Fresh Apples']"
t751,"['Tomatoes', 'Conditioner', 'MDH Chaat Masala', 'Toothpaste', 'Cheese', 'Salt', 'Face Wash', 'Lay’s American Cream & Onion', 'Onions', 'Bread', 'Capsicum', 'Ashirvaad Whole Wheat Atta', 'Let’s Try Peri Peri Makhana']"
t752,"['Chicken', 'Milk', 'Eggs', 'Bedsheet Double Bed', 'Face Wash', 'Crystal Large Garbage Bag', 'Bread', 'Fresh Apples']"
t753,"['Tomatoes', 'Soap', 'Dettol Hand Wash', 'Dove Shampoo', 'MDH Chaat Masala', 'Juice', 'Salt', 'Bread']"
t754,"['Tomatoes', 'Curtains', 'Shampoo', 'Conditioner', 'Juice', 'Toothpaste', 'India Gate Basmati Rice', 'Salt', 'Rice', 'Bananas', 'Bread']"
t755,"['Tomatoes', 'Milk', 'Soap', 'Shampoo', 'Toothpaste', 'Eggs', 'Juice', 'Fish', 'India Gate Basmati Rice', 'Rice', 'Lay’s India’s Magic Masala', 'Let’s Try Peri Peri Makhana']"
t756,"['Tomatoes', 'Soap', 'Vaseline Petroleum Jelly', 'Conditioner', 'Toothpaste', 'Fish', 'Balaji Masala Masti Chips', 'Cornflakes', 'Bread', 'Lay’s American Cream & Onion', 'Origami Tissue Paper', 'Colin Glass Cleaner']"
t757,"['Red Label Tea', 'Conditioner', 'Toothpaste', 'Pantene Conditioner', 'Face Wash', 'Rice', 'Capsicum', 'Himalaya Face Wash']"
t758,"['Tomatoes', 'Soap', 'Shampoo', 'Conditioner', 'Organic Honey', 'Almonds', 'Cheese', 'Butter', 'Rice', 'Cornflakes', 'Crystal Large Garbage Bag', 'Bread', 'Capsicum']"
t759,"['Tomatoes', 'Milk', 'MTR Ready-to-Eat Poha', 'Shampoo', 'Almonds', 'Carrots', 'Juice', 'Eggs', 'Cheese', 'Colgate Toothpaste', 'Butter', 'Face Wash', 'Nivea Body Lotion', 'Lay’s American Cream & Onion', 'Capsicum']"
t760,"['Tomatoes', 'Milk', 'Conditioner', 'Tata Premium Tea', 'Colgate Toothpaste', 'Fish', 'Salt', 'HIT Crawling Insect Killer', 'Energy Drink', 'Rice', 'Cornflakes', 'Saffron', 'Bread', 'Capsicum', 'Himalaya Face Wash']"
t761,"['Milk', 'Soap', 'MTR Ready-to-Eat Poha', 'Shampoo', 'Colgate Toothpaste', 'Cheese', 'Salt', 'Butter', 'Energy Drink', 'Face Wash', 'Rice', 'Saffron', 'Bread', 'Let’s Try Peri Peri Makhana', 'Pillow Cover']"
t762,"['Red Label Tea', 'Tomatoes', 'Soap', 'Eggs', 'Cornflakes', 'Elegant Weavers Doormat', 'Bread', 'Capsicum']"
t763,"['Tomatoes', 'Everest Garam Masala', 'Conditioner', 'Juice', 'Butter', 'Saffron', 'Bread', 'Capsicum', 'Comfort After Wash']"
t764,"['Tomatoes', 'Milk', 'Tata Salt', 'Shampoo', 'Toothpaste', 'Balaji Masala Masti Chips', 'Protein Powder', 'Energy Drink', 'Face Wash', 'Rice', 'Potatoes', 'Lay’s American Cream & Onion', 'Bread', 'Capsicum']"
t765,"['Tomatoes', 'Chia Seeds', 'Shampoo', 'Juice', 'Eggs', 'Cheese', 'Balaji Masala Masti Chips', 'Face Wash', 'Cornflakes', 'Bread', 'Capsicum', 'Comfort After Wash']"
t766,"['Milk', 'Chia Seeds', 'Vaseline Petroleum Jelly', 'Juice', 'Pantene Conditioner', 'Cheese', 'Salt', 'Butter', 'Protein Powder', 'Face Wash', 'Onions', 'Capsicum']"
t767,"['Chicken', 'Milk', 'Shampoo', 'Toothpaste', 'Energy Drink', 'Face Wash', 'Cornflakes', 'Capsicum', 'Origami Tissue Paper', 'Colin Glass Cleaner']"
t768,"['Chicken', 'Milk', 'Soap', 'Vaseline Petroleum Jelly', 'Conditioner', 'Eggs', 'Spinach', 'Nivea Body Lotion', 'Rice', 'Cornflakes', 'Lay’s American Cream & Onion', 'Capsicum']"
t769,"['Tomatoes', 'Conditioner', 'Tata Premium Tea', 'Toothpaste', 'Eggs', 'India Gate Basmati Rice', 'Butter', 'Elegant Weavers Doormat']"
t770,"['Conditioner', 'Juice', 'Salt', 'Butter', 'HIT Crawling Insect Killer', 'Face Wash', 'Rice', 'Saffron', 'Colin Glass Cleaner']"
t771,"['Red Label Tea', 'Milk', 'Conditioner', 'Organic Honey', 'Eggs', 'Fish', 'Protein Powder', 'Cornflakes', 'Bread', 'Capsicum', 'Fresh Apples']"
t772,"['Tomatoes', 'Chicken', 'Chia Seeds', 'Shampoo', 'Carrots', 'Tata Premium Tea', 'Juice', 'Eggs', 'Cheese', 'Pantene Conditioner', 'Balaji Masala Masti Chips', 'Salt', 'Energy Drink', 'Cornflakes', 'Bread']"
t773,"['Olive Oil', 'Shampoo', 'Conditioner', 'Tata Premium Tea', 'Colgate Toothpaste', 'Eggs', 'Fish', 'Salt', 'Energy Drink', 'Face Wash', 'Elegant Weavers Doormat', 'Lay’s American Cream & Onion', 'Pillow Cover']"
t774,"['Shampoo', 'MDH Chaat Masala', 'Juice', 'Eggs', 'Spinach', 'Salt', 'Butter', 'Rice', 'Cornflakes', 'Lay’s India’s Magic Masala', 'Capsicum']"
t775,"['Tomatoes', 'Milk', 'Juice', 'Fish', 'Salt', 'HIT Crawling Insect Killer', 'Bread', 'Comfort After Wash', 'Pillow Cover']"
t776,"['Chicken', 'Tomatoes', 'Tata Salt', 'Conditioner', 'Fish', 'Salt', 'Rice', 'Curtains', 'Fresh Apples']"
t777,"['Tomatoes', 'Chicken', 'Milk', 'Carrots', 'Juice', 'Colgate Toothpaste', 'Salt', 'Bedsheet Double Bed', 'Face Wash', 'Capsicum', 'Himalaya Face Wash']"
t778,"['Tomatoes', 'Soap', 'Dettol Hand Wash', 'Shampoo', 'Conditioner', 'Toothpaste', 'Eggs', 'Pantene Conditioner', 'Fish', 'Salt', 'Face Wash', 'Curtains', 'Bread', 'Capsicum', 'Colin Glass Cleaner']"
t779,"['Tomatoes', 'Chicken', 'Milk', 'Shampoo', 'Toothpaste', 'Eggs', 'Spinach', 'Bedsheet Double Bed', 'Rice', 'Cornflakes']"
t780,"['Red Label Tea', 'Vaseline Petroleum Jelly', 'MTR Ready-to-Eat Poha', 'Salt', 'Butter', 'Face Wash', 'Bread', 'Capsicum']"
t781,"['Milk', 'Conditioner', 'Fortune Sunlite Refined Oil', 'India Gate Basmati Rice', 'Balaji Masala Masti Chips', 'Butter', 'Protein Powder', 'Rice', 'Cornflakes', 'Lay’s American Cream & Onion', 'Capsicum', 'Fresh Apples']"
t782,"['Tomatoes', 'Chicken', 'Shampoo', 'Conditioner', 'Pantene Conditioner', 'Salt', 'Rice', 'Cornflakes', 'Crystal Large Garbage Bag', 'Capsicum']"
t783,"['Milk', 'MDH Chaat Masala', 'Fish', 'Butter', 'Protein Powder', 'Face Wash', 'Cornflakes', 'Rice', 'Lay’s American Cream & Onion', 'Bread', 'Capsicum', 'Pillow Cover']"
t784,"['Tomatoes', 'Shampoo', 'MDH Chaat Masala', 'Toothpaste', 'Fish', 'Salt', 'Butter', 'Face Wash', 'Rice', 'Capsicum', 'Himalaya Face Wash', 'Fresh Apples']"
t785,"['Chicken', 'Soap', 'Tata Salt', 'Shampoo', 'Aloo Bhujia', 'Toothpaste', 'Rice', 'Bread', 'Capsicum', 'Fresh Apples']"
t786,"['Tomatoes', 'Milk', 'Soap', 'Shampoo', 'Conditioner', 'Toothpaste', 'Spinach', 'Fish', 'Nescafe Gold Blend Rich and Smooth Coffee', 'Balaji Masala Masti Chips', 'Face Wash', 'Capsicum']"
t787,"['Chicken', 'Soap', 'Shampoo', 'Organic Honey', 'Toothpaste', 'Eggs', 'Ariel Liquid Detergent', 'Protein Powder', 'Nivea Body Lotion', 'Rice', 'Cornflakes', 'Elegant Weavers Doormat', 'Bread']"
t788,"['Soap', 'Almonds', 'Conditioner', 'Ariel Liquid Detergent', 'Fish', 'Cornflakes', 'Rice', 'Bread', 'Ashirvaad Whole Wheat Atta']"
t789,"['Shampoo', 'Conditioner', 'Cheese', 'Fish', 'Butter', 'Elegant Weavers Doormat', 'HIT Crawling Insect Killer', 'Bread', 'Capsicum', 'Comfort After Wash']"
t790,"['Tomatoes', 'Shampoo', 'Conditioner', 'Toothpaste', 'Spinach', 'Salt', 'Butter', 'Face Wash', 'Cornflakes', 'Maggi Instant Noodles', 'Himalaya Face Wash']"
t791,"['Tomatoes', 'Milk', 'MTR Ready-to-Eat Poha', 'Shampoo', 'Juice', 'Eggs', 'Pillow Cover', 'Butter', 'Rice', 'Bread', 'Fresh Apples']"
t792,"['Tomatoes', 'Chicken', 'Milk', 'Dettol Hand Wash', 'Shampoo', 'Conditioner', 'Toothpaste', 'Colgate Toothpaste', 'Salt', 'Butter', 'Face Wash', 'Maggi Instant Noodles', 'Elegant Weavers Doormat', 'Capsicum']"
t793,"['Tomatoes', 'Chicken', 'Milk', 'Dettol Hand Wash', 'Almonds', 'Conditioner', 'Fortune Sunlite Refined Oil', 'Toothpaste', 'Fish', 'Balaji Masala Masti Chips', 'Cornflakes', 'Onions', 'Bread', 'Ashirvaad Whole Wheat Atta']"
t794,"['Red Label Tea', 'Tomatoes', 'Everest Garam Masala', 'Milk', 'Conditioner', 'Juice', 'Toothpaste', 'Cheese', 'Ariel Liquid Detergent', 'Salt', 'Face Wash', 'Bread', 'Capsicum', 'Fresh Apples']"
t795,"['Dettol Hand Wash', 'Pantene Conditioner', 'Eggs', 'Cheese', 'Fish', 'Salt', 'Bread']"
t796,"['Tomatoes', 'Chicken', 'Milk', 'Shampoo', 'MDH Chaat Masala', 'Cheese', 'Nescafe Gold Blend Rich and Smooth Coffee', 'Salt', 'Butter', 'Rice', 'Cornflakes', 'Everest Garam Masala', 'Let’s Try Peri Peri Makhana']"
t797,"['Chicken', 'Milk', 'Tata Salt', 'Shampoo', 'MDH Chaat Masala', 'Eggs', 'Cheese', 'Nescafe Gold Blend Rich and Smooth Coffee', 'Butter', 'Nivea Body Lotion', 'Rice', 'Cornflakes', 'Crystal Large Garbage Bag', 'Bread', 'Capsicum']"
t798,"['Tomatoes', 'Milk', 'Tata Salt', 'Shampoo', 'Carrots', 'Toothpaste', 'Cheese', 'Fish', 'Salt', 'Energy Drink', 'Crystal Large Garbage Bag', 'Bread', 'Capsicum', 'Himalaya Face Wash']"
t799,"['Tomatoes', 'Chicken', 'Vaseline Petroleum Jelly', 'Shampoo', 'Conditioner', 'Eggs', 'Cheese', 'Crystal Large Garbage Bag', 'Bread', 'Capsicum', 'Himalaya Face Wash']"
t800,"['Tomatoes', 'Soap', 'Chia Seeds', 'Vaseline Petroleum Jelly', 'Shampoo', 'Conditioner', 'Carrots', 'Toothpaste', 'Eggs', 'Juice', 'Nescafe Gold Blend Rich and Smooth Coffee', 'Salt', 'Energy Drink', 'Capsicum', 'Himalaya Face Wash']"
t801,"['Soap', 'Shampoo', 'Conditioner', 'Juice', 'Spinach', 'Cheese', 'Butter', 'Nivea Body Lotion', 'Bread', 'Capsicum', 'Comfort After Wash', 'Fresh Apples']"
t802,"['Tomatoes', 'Chicken', 'Conditioner', 'Dove Shampoo', 'Juice', 'Eggs', 'Ariel Liquid Detergent', 'Salt', 'Protein Powder', 'Energy Drink', 'Face Wash', 'Rice', 'Cornflakes', 'Bananas', 'Ashirvaad Whole Wheat Atta']"
t803,"['Tomatoes', 'Olive Oil', 'Shampoo', 'Toothpaste', 'Eggs', 'Butter', 'Rice', 'HIT Crawling Insect Killer', 'Ashirvaad Whole Wheat Atta']"
t804,"['Tomatoes', 'Chicken', 'Soap', 'India Gate Basmati Rice', 'Eggs', 'Cheese', 'Pantene Conditioner', 'Bedsheet Double Bed', 'Cornflakes', 'Capsicum', 'Comfort After Wash', 'Colin Glass Cleaner']"
t805,"['Tomatoes', 'Milk', 'Soap', 'Shampoo', 'Almonds', 'Tata Premium Tea', 'Cheese', 'Face Wash', 'Cornflakes', 'Elegant Weavers Doormat', 'Bananas', 'Bread', 'Capsicum', 'Himalaya Face Wash', 'Ashirvaad Whole Wheat Atta']"
t806,"['Tomatoes', 'Milk', 'Soap', 'Dettol Hand Wash', 'Pantene Conditioner', 'Ariel Liquid Detergent', 'Rice', 'Cornflakes', 'Bread', 'Capsicum', 'Colin Glass Cleaner']"
t807,"['Milk', 'Vaseline Petroleum Jelly', 'Shampoo', 'Conditioner', 'Toothpaste', 'Fish', 'Butter', 'Face Wash', 'Rice', 'Capsicum', 'Comfort After Wash']"
t808,"['Tomatoes', 'Chicken', 'Almonds', 'Conditioner', 'Carrots', 'Eggs', 'Fish', 'Butter', 'HIT Crawling Insect Killer', 'Face Wash', 'Saffron']"
t809,"['Red Label Tea', 'Tomatoes', 'Milk', 'Tata Salt', 'Juice', 'Eggs', 'Spinach', 'Face Wash', 'Cornflakes', 'Potatoes', 'Nivea Body Lotion', 'Bread', 'Capsicum']"
t810,"['Tomatoes', 'Conditioner', 'Juice', 'Eggs', 'Fish', 'Salt', 'Butter', 'HIT Crawling Insect Killer', 'Rice', 'Elegant Weavers Doormat', 'Potatoes', 'Saffron', 'Capsicum']"
t811,"['Tomatoes', 'Milk', 'Soap', 'Shampoo', 'Carrots', 'Juice', 'Eggs', 'Toothpaste', 'Pantene Conditioner', 'Salt', 'Energy Drink', 'Face Wash', 'Rice', 'Crystal Large Garbage Bag', 'Bananas', 'Let’s Try Peri Peri Makhana']"
t812,"['Tomatoes', 'Chicken', 'Shampoo', 'Conditioner', 'Fish', 'Rice', 'Curtains', 'Bread', 'Let’s Try Peri Peri Makhana']"
t813,"['Tomatoes', 'Chicken', 'Tata Premium Tea', 'Cheese', 'Salt', 'Butter', 'Bedsheet Double Bed', 'Cornflakes', 'Capsicum', 'Origami Tissue Paper']"
t814,"['Tomatoes', 'Milk', 'Shampoo', 'Toothpaste', 'Pantene Conditioner', 'Ariel Liquid Detergent', 'Butter', 'Rice', 'Onions']"
t815,"['Tomatoes', 'Chicken', 'Milk', 'Dettol Hand Wash', 'Toothpaste', 'Nescafe Gold Blend Rich and Smooth Coffee', 'Salt', 'Butter', 'Rice', 'Cornflakes', 'Capsicum']"
t816,"['Tomatoes', 'Shampoo', 'Conditioner', 'Fortune Sunlite Refined Oil', 'Juice', 'Nescafe Gold Blend Rich and Smooth Coffee', 'Salt', 'Butter', 'Energy Drink', 'Rice', 'Maggi Instant Noodles', 'Lay’s American Cream & Onion', 'Everest Garam Masala', 'Capsicum']"
t817,"['Milk', 'Soap', 'Shampoo', 'Conditioner', 'MDH Chaat Masala', 'Spinach', 'Fish', 'Salt', 'Face Wash', 'Rice', 'Crystal Large Garbage Bag', 'Saffron', 'Capsicum', 'Let’s Try Peri Peri Makhana']"
t818,"['Tomatoes', 'Chicken', 'Shampoo', 'Conditioner', 'Tata Premium Tea', 'Toothpaste', 'Eggs', 'Cheese', 'Colgate Toothpaste', 'Butter', 'Nivea Body Lotion', 'Rice', 'Lay’s India’s Magic Masala', 'Capsicum', 'Fresh Apples']"
t819,"['Chicken', 'Milk', 'MTR Ready-to-Eat Poha', 'Conditioner', 'MDH Chaat Masala', 'Toothpaste', 'Eggs', 'Cheese', 'Salt', 'Butter', 'Rice', 'Bread']"
t820,"['Milk', 'Soap', 'Shampoo', 'Conditioner', 'Almonds', 'Aloo Bhujia', 'Juice', 'India Gate Basmati Rice', 'Cheese', 'Fish', 'Curtains', 'Bread', 'Capsicum', 'Origami Tissue Paper']"
t821,"['Everest Garam Masala', 'Milk', 'Chia Seeds', 'MTR Ready-to-Eat Poha', 'Shampoo', 'Toothpaste', 'Cheese', 'Nescafe Gold Blend Rich and Smooth Coffee', 'Butter', 'Face Wash', 'Rice', 'Bread', 'Capsicum']"
t822,"['Tomatoes', 'Chicken', 'Milk', 'Vaseline Petroleum Jelly', 'Shampoo', 'Juice', 'Toothpaste', 'Butter', 'Rice', 'Potatoes', 'Saffron', 'Bread', 'Capsicum']"
t823,"['Milk', 'Conditioner', 'Toothpaste', 'Pantene Conditioner', 'Cheese', 'Spinach', 'Salt', 'Butter', 'Nivea Body Lotion', 'Crystal Large Garbage Bag', 'Bread']"
t824,"['Tomatoes', 'Milk', 'Shampoo', 'Conditioner', 'Almonds', 'Fortune Sunlite Refined Oil', 'Cheese', 'Fish', 'Salt', 'Cornflakes', 'Crystal Large Garbage Bag', 'Capsicum', 'Ashirvaad Whole Wheat Atta']"
t825,"['Soap', 'Shampoo', 'Juice', 'Fish', 'Salt', 'Onions', 'Bread', 'Lay’s American Cream & Onion', 'Let’s Try Peri Peri Makhana']"
t826,"['Tomatoes', 'Aloo Bhujia', 'Spinach', 'Cheese', 'Salt', 'Rice', 'Cornflakes', 'Onions', 'Colin Glass Cleaner']"
t827,"['Milk', 'Soap', 'Shampoo', 'Aloo Bhujia', 'Juice', 'Eggs', 'Cheese', 'Spinach', 'Salt', 'Face Wash', 'Rice', 'Elegant Weavers Doormat', 'Bread', 'Capsicum']"
t828,"['Olive Oil', 'Milk', 'Soap', 'Conditioner', 'Toothpaste', 'Eggs', 'Fish', 'Energy Drink', 'Rice', 'Maggi Instant Noodles', 'Bread', 'Capsicum', 'Himalaya Face Wash', 'Fresh Apples']"
t829,"['Tomatoes', 'Chicken', 'Milk', 'Soap', 'Conditioner', 'Fortune Sunlite Refined Oil', 'MDH Chaat Masala', 'Toothpaste', 'Carrots', 'Fish', 'Salt', 'Protein Powder', 'Capsicum', 'Pillow Cover']"
t830,"['Chicken', 'Milk', 'Soap', 'Chia Seeds', 'Shampoo', 'Conditioner', 'Dove Shampoo', 'Salt', 'Lay’s India’s Magic Masala', 'Capsicum', 'Colin Glass Cleaner']"
t831,"['Tomatoes', 'Chicken', 'Conditioner', 'Toothpaste', 'Nescafe Gold Blend Rich and Smooth Coffee', 'Rice', 'Maggi Instant Noodles', 'Capsicum']"
t832,"['Tomatoes', 'Milk', 'Toothpaste', 'Juice', 'Fish', 'Cornflakes', 'HIT Crawling Insect Killer', 'Bread', 'Comfort After Wash']"
t833,"['Tomatoes', 'Chicken', 'Olive Oil', 'Shampoo', 'Organic Honey', 'Tata Premium Tea', 'Juice', 'Eggs', 'Salt', 'Bedsheet Double Bed', 'Bananas', 'Bread', 'Capsicum', 'Himalaya Face Wash']"
t834,"['Shampoo', 'Conditioner', 'Toothpaste', 'Fish', 'Salt', 'Face Wash', 'Rice', 'Nivea Body Lotion', 'Curtains', 'Bread', 'Comfort After Wash']"
t835,"['Tomatoes', 'Soap', 'Vaseline Petroleum Jelly', 'Conditioner', 'Toothpaste', 'Eggs', 'Juice', 'Energy Drink', 'Rice', 'Maggi Instant Noodles', 'Bread', 'Capsicum']"
t836,"['Soap', 'MTR Ready-to-Eat Poha', 'Shampoo', 'Organic Honey', 'Cheese', 'Nescafe Gold Blend Rich and Smooth Coffee', 'Salt', 'Bread', 'Capsicum']"
t837,"['Chicken', 'Toothpaste', 'Eggs', 'Spinach', 'Salt', 'Butter', 'Face Wash', 'Maggi Instant Noodles', 'Bread', 'Capsicum', 'Himalaya Face Wash', 'Comfort After Wash']"
t838,"['Red Label Tea', 'Tomatoes', 'Chicken', 'Tata Premium Tea', 'Toothpaste', 'Eggs', 'Fish', 'Face Wash', 'Potatoes', 'Bananas', 'Bread', 'Capsicum']"
t839,"['Milk', 'Conditioner', 'Tata Premium Tea', 'Eggs', 'Cheese', 'Face Wash', 'Pillow Cover']"
t840,"['Chicken', 'Olive Oil', 'Shampoo', 'Juice', 'Toothpaste', 'Ariel Liquid Detergent', 'Spinach', 'Salt', 'Cornflakes', 'Maggi Instant Noodles', 'Potatoes', 'Bread', 'Capsicum']"
t841,"['Olive Oil', 'Milk', 'Shampoo', 'Conditioner', 'India Gate Basmati Rice', 'Eggs', 'Nescafe Gold Blend Rich and Smooth Coffee', 'Butter', 'Energy Drink', 'Cornflakes', 'Elegant Weavers Doormat', 'Bread']"
t842,"['Tomatoes', 'Chicken', 'Milk', 'Shampoo', 'Conditioner', 'Protein Powder', 'Face Wash', 'Curtains', 'Bread', 'Let’s Try Peri Peri Makhana']"
t843,"['Olive Oil', 'Milk', 'Chia Seeds', 'Shampoo', 'Conditioner', 'Toothpaste', 'Eggs', 'Cheese', 'Fish', 'Nescafe Gold Blend Rich and Smooth Coffee', 'Salt', 'Cornflakes', 'Bananas', 'Pillow Cover']"
t844,"['Chicken', 'Olive Oil', 'Milk', 'Tata Salt', 'Shampoo', 'Juice', 'Salt', 'Cornflakes', 'Curtains', 'Bread']"
t845,"['Tomatoes', 'Chicken', 'Milk', 'Olive Oil', 'Eggs', 'Cheese', 'Spinach', 'Salt', 'Protein Powder', 'Face Wash', 'Capsicum', 'Pillow Cover']"
t846,"['Tomatoes', 'Milk', 'Soap', 'Tata Premium Tea', 'Toothpaste', 'Eggs', 'Fish', 'Rice', 'Lay’s India’s Magic Masala']"
t847,"['Everest Garam Masala', 'Milk', 'Vaseline Petroleum Jelly', 'Juice', 'Fish', 'Cornflakes', 'Bread', 'Capsicum']"
t848,"['Tomatoes', 'Milk', 'Soap', 'Shampoo', 'Conditioner', 'Toothpaste', 'Colgate Toothpaste', 'Butter', 'Rice', 'Maggi Instant Noodles', 'Capsicum']"
t849,"['Tomatoes', 'Milk', 'Soap', 'Conditioner', 'Pantene Conditioner', 'Cheese', 'Fish', 'Salt', 'Butter', 'Rice', 'Maggi Instant Noodles', 'Capsicum']"
t850,"['Tomatoes', 'Milk', 'Shampoo', 'Toothpaste', 'Eggs', 'Cheese', 'Fish', 'Spinach', 'Salt', 'Everest Garam Masala', 'Capsicum', 'Himalaya Face Wash']"
t851,"['Red Label Tea', 'Milk', 'Shampoo', 'Almonds', 'Fortune Sunlite Refined Oil', 'Eggs', 'Cheese', 'Bedsheet Double Bed', 'Protein Powder', 'Face Wash', 'Rice', 'Curtains', 'Capsicum']"
t852,"['Milk', 'Soap', 'Dettol Hand Wash', 'Conditioner', 'Toothpaste', 'Salt', 'Butter', 'Rice', 'Cornflakes', 'Bread', 'Capsicum', 'Let’s Try Peri Peri Makhana']"
t853,"['Chicken', 'Milk', 'Almonds', 'Conditioner', 'Juice', 'Eggs', 'Spinach', 'Butter', 'Cornflakes', 'HIT Crawling Insect Killer', 'Bread']"
t854,"['Tomatoes', 'Chicken', 'Milk', 'Conditioner', 'MDH Chaat Masala', 'Toothpaste', 'Fish', 'Butter', 'Bedsheet Double Bed', 'Rice', 'Bananas', 'Saffron', 'Bread', 'Capsicum', 'Himalaya Face Wash']"
t855,"['Soap', 'Conditioner', 'Fortune Sunlite Refined Oil', 'Eggs', 'Fish', 'Salt', 'Butter', 'Rice', 'Potatoes', 'Lay’s India’s Magic Masala']"
t856,"['Tomatoes', 'Milk', 'Vaseline Petroleum Jelly', 'Tata Salt', 'Shampoo', 'Cheese', 'Face Wash', 'Rice', 'Cornflakes', 'HIT Crawling Insect Killer', 'Bread', 'Capsicum']"
t857,"['MTR Ready-to-Eat Poha', 'Toothpaste', 'Eggs', 'Cheese', 'Colgate Toothpaste', 'Butter', 'Face Wash', 'Potatoes', 'Bread', 'Capsicum', 'Comfort After Wash']"
t858,"['Tomatoes', 'Olive Oil', 'Milk', 'MTR Ready-to-Eat Poha', 'MDH Chaat Masala', 'Fortune Sunlite Refined Oil', 'Eggs', 'Cheese', 'Fish', 'Salt', 'Energy Drink', 'Rice', 'Capsicum', 'Let’s Try Peri Peri Makhana']"
t859,"['Tomatoes', 'Chicken', 'Milk', 'Soap', 'Shampoo', 'Conditioner', 'Aloo Bhujia', 'Juice', 'Salt', 'Butter', 'Himalaya Face Wash']"
t860,"['Tomatoes', 'Milk', 'Soap', 'Dettol Hand Wash', 'Shampoo', 'Conditioner', 'Toothpaste', 'Colgate Toothpaste', 'Nescafe Gold Blend Rich and Smooth Coffee', 'Salt', 'Butter', 'Bread']"
t861,"['Red Label Tea', 'Tomatoes', 'Everest Garam Masala', 'Milk', 'MTR Ready-to-Eat Poha', 'Juice', 'Eggs', 'Toothpaste', 'Salt', 'Butter', 'Protein Powder', 'Face Wash', 'Saffron', 'Bread', 'Capsicum']"
t862,"['Olive Oil', 'Milk', 'Soap', 'Shampoo', 'Juice', 'Energy Drink', 'Cornflakes', 'Onions', 'Capsicum', 'Origami Tissue Paper', 'Colin Glass Cleaner']"
t863,"['Milk', 'Eggs', 'Salt', 'Butter', 'Face Wash', 'Nivea Body Lotion', 'Elegant Weavers Doormat', 'Himalaya Face Wash']"
t864,"['Tomatoes', 'Chicken', 'Milk', 'Conditioner', 'Organic Honey', 'Aloo Bhujia', 'Toothpaste', 'Eggs', 'Colgate Toothpaste', 'Salt', 'Face Wash', 'Bread', 'Ashirvaad Whole Wheat Atta', 'Let’s Try Peri Peri Makhana']"
t865,"['Tomatoes', 'Milk', 'Dettol Hand Wash', 'Tata Salt', 'Conditioner', 'Eggs', 'Fish', 'Butter', 'Face Wash', 'Bread', 'Capsicum', 'Fresh Apples']"
t866,"['Tomatoes', 'Milk', 'MTR Ready-to-Eat Poha', 'Toothpaste', 'Nescafe Gold Blend Rich and Smooth Coffee', 'Salt', 'Bedsheet Double Bed', 'Cornflakes', 'Bread', 'Capsicum']"
t867,"['Milk', 'Tata Salt', 'Conditioner', 'MDH Chaat Masala', 'Fortune Sunlite Refined Oil', 'Juice', 'Eggs', 'Spinach', 'Salt', 'Face Wash', 'Rice', 'Cornflakes', 'Lay’s American Cream & Onion', 'Capsicum']"
t868,"['Tomatoes', 'Olive Oil', 'Chia Seeds', 'Juice', 'Eggs', 'Spinach', 'Nivea Body Lotion', 'Cornflakes', 'Rice', 'Elegant Weavers Doormat', 'Let’s Try Peri Peri Makhana', 'Fresh Apples']"
t869,"['Soap', 'Chia Seeds', 'Conditioner', 'Eggs', 'Face Wash', 'Rice', 'Crystal Large Garbage Bag', 'Ashirvaad Whole Wheat Atta']"
t870,"['Chicken', 'Milk', 'Conditioner', 'Organic Honey', 'Eggs', 'Bedsheet Double Bed', 'Face Wash', 'Rice', 'Nivea Body Lotion']"
t871,"['Tomatoes', 'Soap', 'Vaseline Petroleum Jelly', 'Shampoo', 'Conditioner', 'Fortune Sunlite Refined Oil', 'Toothpaste', 'Cheese', 'Salt', 'Face Wash', 'Rice', 'Capsicum']"
t872,"['Tomatoes', 'Shampoo', 'Conditioner', 'Juice', 'Butter', 'Protein Powder', 'Rice', 'Cornflakes', 'Potatoes', 'Bread', 'Capsicum', 'Himalaya Face Wash', 'Fresh Apples']"
t873,"['Tomatoes', 'Tata Salt', 'MTR Ready-to-Eat Poha', 'Shampoo', 'Juice', 'Cheese', 'Salt', 'Protein Powder', 'Energy Drink', 'Face Wash', 'Rice', 'Cornflakes', 'Maggi Instant Noodles', 'Nivea Body Lotion', 'Capsicum']"
t874,"['Chicken', 'Milk', 'Soap', 'Conditioner', 'Dove Shampoo', 'Eggs', 'Cheese', 'Rice', 'Cornflakes', 'Lay’s India’s Magic Masala', 'Capsicum', 'Himalaya Face Wash']"
t875,"['Tomatoes', 'Shampoo', 'Toothpaste', 'Pantene Conditioner', 'Fish', 'Himalaya Face Wash', 'Salt', 'Butter', 'Bedsheet Double Bed', 'Rice', 'Cornflakes', 'Bread', 'Capsicum', 'Origami Tissue Paper']"
t876,"['Milk', 'Shampoo', 'Conditioner', 'Toothpaste', 'Cheese', 'Salt', 'Rice', 'Potatoes', 'Bananas', 'Capsicum', 'Fresh Apples']"
t877,"['Everest Garam Masala', 'Chia Seeds', 'MTR Ready-to-Eat Poha', 'Shampoo', 'Conditioner', 'Eggs', 'Fish', 'Butter', 'Energy Drink', 'Face Wash', 'Rice', 'Lay’s India’s Magic Masala', 'Bread', 'Capsicum', 'Pillow Cover']"
t878,"['Tomatoes', 'Chicken', 'Milk', 'Dettol Hand Wash', 'Conditioner', 'Toothpaste', 'Cheese', 'Onions', 'Let’s Try Peri Peri Makhana', 'Colin Glass Cleaner']"
t879,"['Chicken', 'Milk', 'Chia Seeds', 'Conditioner', 'Fortune Sunlite Refined Oil', 'Cheese', 'Ariel Liquid Detergent', 'Balaji Masala Masti Chips', 'Salt', 'Butter', 'Protein Powder', 'Nivea Body Lotion', 'Nescafe Gold Blend Rich and Smooth Coffee', 'Bread', 'Capsicum']"
t880,"['Tomatoes', 'Conditioner', 'Aloo Bhujia', 'Toothpaste', 'Eggs', 'Ariel Liquid Detergent', 'Fish', 'Colgate Toothpaste', 'Salt', 'Butter', 'Rice', 'Cornflakes', 'Potatoes', 'Everest Garam Masala']"
t881,"['Chicken', 'Soap', 'Conditioner', 'Dove Shampoo', 'Juice', 'Eggs', 'Salt', 'Face Wash', 'Crystal Large Garbage Bag', 'Nivea Body Lotion', 'Fresh Apples']"
t882,"['Tomatoes', 'Chicken', 'Milk', 'Fortune Sunlite Refined Oil', 'Carrots', 'Dove Shampoo', 'Eggs', 'Salt', 'Energy Drink', 'Face Wash', 'Cornflakes', 'Bananas', 'Bread', 'Capsicum', 'Origami Tissue Paper']"
t883,"['Tomatoes', 'Soap', 'Chia Seeds', 'MTR Ready-to-Eat Poha', 'Shampoo', 'Dove Shampoo', 'Face Wash', 'Rice', 'Bread', 'Himalaya Face Wash', 'Ashirvaad Whole Wheat Atta', 'Let’s Try Peri Peri Makhana']"
t884,"['Tomatoes', 'Soap', 'Almonds', 'Eggs', 'Bedsheet Double Bed', 'Face Wash', 'Rice', 'Fresh Apples']"
t885,"['Tomatoes', 'Chicken', 'Milk', 'Soap', 'Dettol Hand Wash', 'Toothpaste', 'Face Wash', 'Rice', 'Comfort After Wash', 'Fresh Apples']"
t886,"['Tomatoes', 'Chicken', 'Vaseline Petroleum Jelly', 'Shampoo', 'Fish', 'Balaji Masala Masti Chips', 'Salt', 'Rice', 'Onions', 'Bread', 'Capsicum', 'Pillow Cover']"
t887,"['Olive Oil', 'Shampoo', 'Conditioner', 'Almonds', 'Aloo Bhujia', 'Toothpaste', 'Eggs', 'Juice', 'Pantene Conditioner', 'Butter', 'Cornflakes', 'Bread', 'Capsicum']"
t888,"['Red Label Tea', 'Tomatoes', 'Chicken', 'Soap', 'Organic Honey', 'Eggs', 'Cheese', 'Salt', 'Protein Powder', 'Face Wash', 'Pillow Cover']"
t889,"['Milk', 'Soap', 'Chia Seeds', 'Tata Salt', 'Almonds', 'Conditioner', 'Tata Premium Tea', 'Eggs', 'Spinach', 'Butter', 'Bedsheet Double Bed', 'Rice', 'Bread', 'Capsicum', 'Fresh Apples']"
t890,"['Red Label Tea', 'Milk', 'Soap', 'Tata Premium Tea', 'Juice', 'Eggs', 'Bedsheet Double Bed', 'Protein Powder', 'Rice', 'Onions', 'Saffron', 'Capsicum']"
t891,"['Tomatoes', 'Soap', 'Shampoo', 'Cheese', 'Fish', 'Protein Powder', 'Face Wash', 'Rice', 'Curtains', 'Bread', 'Pillow Cover']"
t892,"['Chicken', 'Conditioner', 'Juice', 'Eggs', 'Spinach', 'Fish', 'Bedsheet Double Bed', 'Rice', 'Bread']"
t893,"['Tomatoes', 'Milk', 'Toothpaste', 'Eggs', 'Balaji Masala Masti Chips', 'Salt', 'Energy Drink', 'Cornflakes', 'Crystal Large Garbage Bag', 'Capsicum']"
t894,"['Tomatoes', 'Chicken', 'Vaseline Petroleum Jelly', 'Shampoo', 'Toothpaste', 'Cheese', 'Cornflakes', 'Rice', 'Maggi Instant Noodles', 'Capsicum']"
t895,"['Vaseline Petroleum Jelly', 'Shampoo', 'Eggs', 'Cheese', 'Cornflakes', 'Bananas', 'Bread']"
t896,"['Shampoo', 'Conditioner', 'Toothpaste', 'Salt', 'Butter', 'Face Wash', 'Cornflakes', 'Maggi Instant Noodles', 'Origami Tissue Paper', 'Comfort After Wash', 'Colin Glass Cleaner']"
t897,"['Tomatoes', 'Chicken', 'Soap', 'Shampoo', 'Conditioner', 'Eggs', 'Cheese', 'Spinach', 'Salt', 'Face Wash', 'HIT Crawling Insect Killer', 'Capsicum', 'Origami Tissue Paper']"
t898,"['Tomatoes', 'Soap', 'MTR Ready-to-Eat Poha', 'Toothpaste', 'Eggs', 'Salt', 'Butter', 'Face Wash', 'Rice', 'Potatoes', 'Bread']"
t899,"['Tomatoes', 'Toothpaste', 'Eggs', 'Fish', 'Salt', 'Face Wash', 'Rice', 'Cornflakes', 'Bananas', 'HIT Crawling Insect Killer', 'Bread']"
t900,"['Milk', 'Conditioner', 'Toothpaste', 'Spinach', 'Salt', 'Butter', 'Protein Powder', 'Rice', 'Maggi Instant Noodles']"
t901,"['Chicken', 'Milk', 'Aloo Bhujia', 'Fortune Sunlite Refined Oil', 'Juice', 'Cheese', 'Balaji Masala Masti Chips', 'Salt', 'Face Wash', 'Capsicum', 'Himalaya Face Wash']"
t902,"['Tomatoes', 'Dove Shampoo', 'Toothpaste', 'Eggs', 'Spinach', 'Fish', 'Salt', 'Butter', 'Face Wash', 'Maggi Instant Noodles', 'Bread']"
t903,"['Tomatoes', 'Soap', 'Conditioner', 'Aloo Bhujia', 'Cheese', 'Fish', 'Ariel Liquid Detergent', 'Rice', 'Bread', 'Origami Tissue Paper']"
t904,"['Tomatoes', 'Milk', 'Soap', 'MTR Ready-to-Eat Poha', 'Shampoo', 'Conditioner', 'Juice', 'Toothpaste', 'Cheese', 'Pantene Conditioner', 'Capsicum', 'Colin Glass Cleaner']"
t905,"['Tomatoes', 'Milk', 'Vaseline Petroleum Jelly', 'Eggs', 'Fish', 'Salt', 'Face Wash', 'Ashirvaad Whole Wheat Atta']"
t906,"['Tomatoes', 'Chicken', 'Milk', 'Tata Salt', 'Shampoo', 'Conditioner', 'Pantene Conditioner', 'Eggs', 'Cheese', 'Butter', 'Bread']"
t907,"['Tomatoes', 'Tata Salt', 'Almonds', 'Conditioner', 'Pantene Conditioner', 'Eggs', 'Cheese', 'Salt', 'Butter', 'Rice', 'Cornflakes', 'Bread', 'Himalaya Face Wash']"
t908,"['Tomatoes', 'Soap', 'Tata Salt', 'MTR Ready-to-Eat Poha', 'Carrots', 'Ariel Liquid Detergent', 'Fish', 'Cornflakes', 'Bread', 'Capsicum']"
t909,"['Red Label Tea', 'Chicken', 'Shampoo', 'Conditioner', 'MDH Chaat Masala', 'Cheese', 'Ariel Liquid Detergent', 'Salt', 'Bread']"
t910,"['Tomatoes', 'Milk', 'Soap', 'Shampoo', 'Organic Honey', 'MDH Chaat Masala', 'Eggs', 'Salt', 'Butter', 'Capsicum', 'Himalaya Face Wash', 'Pillow Cover']"
t911,"['Milk', 'Shampoo', 'Toothpaste', 'India Gate Basmati Rice', 'Salt', 'Butter', 'Rice', 'Cornflakes', 'Potatoes', 'Bread']"
t912,"['Red Label Tea', 'Milk', 'Soap', 'MTR Ready-to-Eat Poha', 'Shampoo', 'Conditioner', 'Dove Shampoo', 'Rice', 'Cornflakes', 'Onions', 'Fresh Apples']"
t913,"['Tomatoes', 'Milk', 'Soap', 'Tata Salt', 'Shampoo', 'Organic Honey', 'Toothpaste', 'Eggs', 'Salt', 'Protein Powder', 'Onions', 'Origami Tissue Paper']"
t914,"['Tomatoes', 'Soap', 'Conditioner', 'Juice', 'Cheese', 'Nescafe Gold Blend Rich and Smooth Coffee', 'Bread']"
t915,"['Milk', 'Dove Shampoo', 'Toothpaste', 'Juice', 'Cheese', 'Ariel Liquid Detergent', 'Salt', 'Butter', 'Rice', 'Saffron', 'Bread', 'Origami Tissue Paper']"
t916,"['Curtains', 'Shampoo', 'Dove Shampoo', 'Juice', 'Eggs', 'Cheese', 'Fish', 'Toothpaste', 'Salt', 'Rice', 'Maggi Instant Noodles', 'Lay’s American Cream & Onion', 'Bread', 'Capsicum', 'Himalaya Face Wash']"
t917,"['MTR Ready-to-Eat Poha', 'Shampoo', 'Carrots', 'Juice', 'Eggs', 'Ariel Liquid Detergent', 'Fish', 'Cornflakes', 'Rice', 'Crystal Large Garbage Bag']"
t918,"['Tomatoes', 'Milk', 'Tata Salt', 'Eggs', 'Fish', 'Salt', 'Butter', 'Face Wash', 'Capsicum', 'Origami Tissue Paper', 'Ashirvaad Whole Wheat Atta']"
t919,"['Red Label Tea', 'Olive Oil', 'Milk', 'Shampoo', 'Conditioner', 'Tata Premium Tea', 'Eggs', 'Fish', 'Butter', 'Rice', 'Bread']"
t920,"['Chicken', 'Conditioner', 'Juice', 'Eggs', 'Fish', 'Salt', 'Face Wash', 'Nivea Body Lotion', 'Bananas', 'Bread', 'Comfort After Wash']"
t921,"['Chia Seeds', 'Tata Salt', 'Dettol Hand Wash', 'Shampoo', 'Conditioner', 'Organic Honey', 'Juice', 'Toothpaste', 'Nescafe Gold Blend Rich and Smooth Coffee', 'Face Wash', 'Bread', 'Capsicum']"
t922,"['Tomatoes', 'Olive Oil', 'Shampoo', 'Juice', 'Eggs', 'Cheese', 'Fish', 'Protein Powder', 'Face Wash', 'Rice', 'Onions', 'Bread', 'Capsicum']"
t923,"['Tomatoes', 'Olive Oil', 'Chia Seeds', 'Vaseline Petroleum Jelly', 'Eggs', 'Fish', 'Butter', 'Potatoes', 'Origami Tissue Paper', 'Bread', 'Capsicum', 'Himalaya Face Wash', 'Ashirvaad Whole Wheat Atta']"
t924,"['Tomatoes', 'Milk', 'Soap', 'Conditioner', 'Toothpaste', 'Spinach', 'India Gate Basmati Rice', 'Balaji Masala Masti Chips', 'Salt', 'Face Wash', 'Rice', 'Cornflakes', 'Nivea Body Lotion', 'Bread']"
t925,"['Olive Oil', 'Soap', 'Conditioner', 'Eggs', 'Cheese', 'Fish', 'Ariel Liquid Detergent', 'Rice', 'Cornflakes', 'Maggi Instant Noodles', 'Potatoes', 'Himalaya Face Wash', 'Fresh Apples']"
t926,"['Chicken', 'Milk', 'Soap', 'Shampoo', 'Eggs', 'Salt', 'Butter', 'Rice', 'Elegant Weavers Doormat', 'Saffron', 'Capsicum', 'Origami Tissue Paper']"
t927,"['Tomatoes', 'Chicken', 'Milk', 'Chia Seeds', 'MTR Ready-to-Eat Poha', 'Shampoo', 'Toothpaste', 'Protein Powder', 'Rice', 'Curtains', 'Capsicum', 'Origami Tissue Paper']"
t928,"['MTR Ready-to-Eat Poha', 'Shampoo', 'Organic Honey', 'Aloo Bhujia', 'Toothpaste', 'Eggs', 'Cheese', 'Juice', 'Ariel Liquid Detergent', 'Protein Powder', 'Cornflakes', 'Lay’s India’s Magic Masala', 'Bread', 'Pillow Cover']"
t929,"['Olive Oil', 'Shampoo', 'Cheese', 'Fish', 'Salt', 'Face Wash', 'Rice', 'Ashirvaad Whole Wheat Atta', 'Pillow Cover']"
t930,"['Tomatoes', 'Chicken', 'Milk', 'Dettol Hand Wash', 'Toothpaste', 'Salt', 'Butter', 'Capsicum', 'Origami Tissue Paper']"
t931,"['Tomatoes', 'Soap', 'Chia Seeds', 'MTR Ready-to-Eat Poha', 'Shampoo', 'Conditioner', 'Carrots', 'Toothpaste', 'Fish', 'Butter', 'Rice', 'Curtains', 'Saffron', 'Capsicum', 'Origami Tissue Paper']"
t932,"['Tomatoes', 'Milk', 'Conditioner', 'Juice', 'Cheese', 'HIT Crawling Insect Killer', 'Bedsheet Double Bed', 'Face Wash', 'Rice', 'Saffron', 'Bread', 'Origami Tissue Paper', 'Let’s Try Peri Peri Makhana', 'Pillow Cover']"
t933,"['Chicken', 'Milk', 'MTR Ready-to-Eat Poha', 'Tata Salt', 'Juice', 'Colgate Toothpaste', 'Salt', 'Rice', 'Crystal Large Garbage Bag', 'Bread']"
t934,"['Milk', 'Soap', 'Dettol Hand Wash', 'Conditioner', 'Toothpaste', 'Fish', 'Cornflakes', 'Curtains', 'HIT Crawling Insect Killer', 'Capsicum', 'Ashirvaad Whole Wheat Atta']"
t935,"['Chicken', 'Olive Oil', 'Everest Garam Masala', 'Soap', 'Almonds', 'Conditioner', 'Colgate Toothpaste', 'Curtains', 'Onions', 'Bread', 'Capsicum', 'Pillow Cover']"
t936,"['Tomatoes', 'Chicken', 'Milk', 'Everest Garam Masala', 'Dettol Hand Wash', 'Shampoo', 'Conditioner', 'Aloo Bhujia', 'Pantene Conditioner', 'Eggs', 'Fish', 'Cornflakes', 'Bread', 'Himalaya Face Wash']"
t937,"['Milk', 'Soap', 'Dettol Hand Wash', 'Conditioner', 'Eggs', 'Salt', 'Cornflakes', 'Crystal Large Garbage Bag', 'Bread', 'Ashirvaad Whole Wheat Atta', 'Let’s Try Peri Peri Makhana']"
t938,"['Tomatoes', 'Chicken', 'Milk', 'Dettol Hand Wash', 'Dove Shampoo', 'Juice', 'Eggs', 'Cheese', 'Crystal Large Garbage Bag', 'HIT Crawling Insect Killer', 'Bread', 'Capsicum']"
t939,"['Everest Garam Masala', 'Soap', 'Dove Shampoo', 'Fish', 'Balaji Masala Masti Chips', 'Salt', 'Butter', 'Face Wash', 'Crystal Large Garbage Bag', 'Bread', 'Capsicum']"
t940,"['Tomatoes', 'Shampoo', 'Almonds', 'Tata Premium Tea', 'Juice', 'Pantene Conditioner', 'Fish', 'Protein Powder', 'Cornflakes', 'Lay’s India’s Magic Masala', 'Bread']"
t941,"['Chia Seeds', 'Organic Honey', 'Aloo Bhujia', 'Toothpaste', 'Eggs', 'Fish', 'Salt', 'Cornflakes', 'Maggi Instant Noodles', 'Capsicum', 'Ashirvaad Whole Wheat Atta', 'Comfort After Wash']"
t942,"['Tomatoes', 'Milk', 'Chia Seeds', 'Shampoo', 'Carrots', 'Juice', 'Colgate Toothpaste', 'Salt', 'Butter', 'Face Wash', 'Cornflakes', 'Lay’s India’s Magic Masala', 'Origami Tissue Paper']"
t943,"['Shampoo', 'Eggs', 'Cheese', 'Ariel Liquid Detergent', 'Nescafe Gold Blend Rich and Smooth Coffee', 'Face Wash', 'Bananas', 'Bread', 'Capsicum', 'Ashirvaad Whole Wheat Atta']"
t944,"['Red Label Tea', 'Tomatoes', 'Milk', 'Tata Salt', 'Conditioner', 'Carrots', 'Juice', 'Spinach', 'Cheese', 'Energy Drink', 'Rice', 'Elegant Weavers Doormat']"
t945,"['Tomatoes', 'Shampoo', 'Conditioner', 'Butter', 'Face Wash', 'Lay’s India’s Magic Masala', 'HIT Crawling Insect Killer', 'Bread', 'Origami Tissue Paper', 'Colin Glass Cleaner']"
t946,"['Red Label Tea', 'Chicken', 'Milk', 'Soap', 'Conditioner', 'Eggs', 'Nivea Body Lotion', 'Cornflakes', 'Bananas', 'Bread', 'Capsicum', 'Origami Tissue Paper']"
t947,"['Tomatoes', 'Dettol Hand Wash', 'Shampoo', 'Almonds', 'Toothpaste', 'Salt', 'Butter', 'Nivea Body Lotion', 'Rice', 'Crystal Large Garbage Bag', 'Saffron', 'Capsicum', 'Pillow Cover']"
t948,"['Tomatoes', 'MTR Ready-to-Eat Poha', 'Shampoo', 'Fish', 'Nescafe Gold Blend Rich and Smooth Coffee', 'Butter', 'Protein Powder', 'Rice', 'Curtains', 'Everest Garam Masala', 'Capsicum']"
t949,"['Tomatoes', 'Milk', 'Conditioner', 'Fortune Sunlite Refined Oil', 'Juice', 'Toothpaste', 'Nescafe Gold Blend Rich and Smooth Coffee', 'Salt', 'Potatoes']"
t950,"['Tomatoes', 'Chicken', 'Bananas', 'Shampoo', 'Conditioner', 'Toothpaste', 'Cheese', 'Bedsheet Double Bed', 'Cornflakes', 'Curtains', 'Capsicum', 'Colin Glass Cleaner']"
t951,"['Milk', 'MDH Chaat Masala', 'Toothpaste', 'Eggs', 'Cheese', 'Salt', 'Face Wash', 'Cornflakes', 'Potatoes', 'Bread', 'Comfort After Wash']"
t952,"['Olive Oil', 'Milk', 'Colgate Toothpaste', 'Eggs', 'Cheese', 'Butter', 'Bedsheet Double Bed', 'Rice', 'Curtains', 'Bread', 'Capsicum', 'Pillow Cover']"
t953,"['Shampoo', 'Carrots', 'Eggs', 'Cheese', 'Butter', 'Cornflakes', 'Everest Garam Masala', 'Capsicum']"
t954,"['Red Label Tea', 'Milk', 'Chia Seeds', 'Shampoo', 'Toothpaste', 'Pantene Conditioner', 'Colgate Toothpaste', 'Butter', 'Energy Drink', 'Face Wash', 'Cornflakes', 'Rice']"
t955,"['Red Label Tea', 'Tomatoes', 'Olive Oil', 'Milk', 'Vaseline Petroleum Jelly', 'Juice', 'Eggs', 'Cheese', 'Rice', 'Cornflakes', 'Bread', 'Capsicum', 'Comfort After Wash']"
t956,"['Tomatoes', 'Chicken', 'Dove Shampoo', 'Juice', 'Eggs', 'Cheese', 'Ariel Liquid Detergent', 'Salt', 'Butter', 'Nivea Body Lotion', 'Onions']"
t957,"['Milk', 'Dettol Hand Wash', 'Shampoo', 'Conditioner', 'Juice', 'Balaji Masala Masti Chips', 'Rice', 'Cornflakes', 'Capsicum', 'Let’s Try Peri Peri Makhana']"
t958,"['Chicken', 'Everest Garam Masala', 'Milk', 'Shampoo', 'Conditioner', 'Spinach', 'Balaji Masala Masti Chips', 'Face Wash', 'Rice', 'Bread', 'Capsicum']"
t959,"['Tomatoes', 'Aloo Bhujia', 'Juice', 'Eggs', 'Fish', 'Salt', 'Butter', 'Face Wash', 'Rice', 'Elegant Weavers Doormat', 'Bread', 'Lay’s American Cream & Onion', 'Let’s Try Peri Peri Makhana', 'Pillow Cover']"
t960,"['Chicken', 'Soap', 'Tata Salt', 'Shampoo', 'Eggs', 'Salt', 'Cornflakes', 'Everest Garam Masala', 'Colin Glass Cleaner']"
t961,"['Tomatoes', 'Chicken', 'Chia Seeds', 'Conditioner', 'Juice', 'Eggs', 'Bedsheet Double Bed', 'Energy Drink', 'Face Wash', 'Rice', 'Cornflakes', 'Bread', 'Colin Glass Cleaner']"
t962,"['Tomatoes', 'Milk', 'Soap', 'MTR Ready-to-Eat Poha', 'Juice', 'Eggs', 'Salt', 'Butter', 'Face Wash', 'Rice', 'Lay’s American Cream & Onion', 'Origami Tissue Paper']"
t963,"['Olive Oil', 'Milk', 'Soap', 'Tata Salt', 'Dove Shampoo', 'Toothpaste', 'Juice', 'Bedsheet Double Bed', 'Protein Powder', 'Face Wash', 'Rice', 'Crystal Large Garbage Bag', 'HIT Crawling Insect Killer', 'Bread']"
t964,"['Chicken', 'Milk', 'Vaseline Petroleum Jelly', 'Shampoo', 'Conditioner', 'Carrots', 'Eggs', 'Cheese', 'Nescafe Gold Blend Rich and Smooth Coffee', 'Cornflakes', 'Potatoes', 'Bread', 'Capsicum']"
t965,"['Red Label Tea', 'Tomatoes', 'Milk', 'Tata Salt', 'Shampoo', 'Tata Premium Tea', 'Toothpaste', 'Eggs', 'Fish', 'Butter', 'Cornflakes', 'Bread']"
t966,"['Tomatoes', 'Chicken', 'Chia Seeds', 'Shampoo', 'Conditioner', 'Eggs', 'Cheese', 'Fish', 'Salt', 'Butter', 'Nivea Body Lotion', 'Rice', 'Saffron', 'Ashirvaad Whole Wheat Atta']"
t967,"['Conditioner', 'Tata Premium Tea', 'Toothpaste', 'Eggs', 'Cheese', 'Fish', 'Salt', 'Butter', 'Everest Garam Masala']"
t968,"['Tomatoes', 'Soap', 'Conditioner', 'Toothpaste', 'Eggs', 'Salt', 'Face Wash', 'Cornflakes', 'Colin Glass Cleaner']"
t969,"['Tomatoes', 'Chicken', 'MTR Ready-to-Eat Poha', 'Shampoo', 'Eggs', 'Butter', 'Face Wash', 'Rice', 'Cornflakes', 'Bananas', 'Everest Garam Masala']"
t970,"['Chicken', 'Milk', 'Conditioner', 'Toothpaste', 'Eggs', 'Colgate Toothpaste', 'Salt', 'Butter', 'Bedsheet Double Bed', 'Bread']"
t971,"['Milk', 'Tata Salt', 'Toothpaste', 'India Gate Basmati Rice', 'Spinach', 'Fish', 'Salt', 'Butter', 'Cornflakes', 'Rice', 'Bread']"
t972,"['Tomatoes', 'Chicken', 'Shampoo', 'Conditioner', 'Toothpaste', 'Pantene Conditioner', 'Cheese', 'India Gate Basmati Rice', 'Bedsheet Double Bed', 'Face Wash', 'Rice', 'Bread']"
t973,"['Tomatoes', 'Soap', 'Conditioner', 'Fortune Sunlite Refined Oil', 'Cheese', 'Salt', 'Butter', 'Rice', 'Cornflakes', 'Bread', 'Fresh Apples']"
t974,"['Red Label Tea', 'Milk', 'Conditioner', 'MDH Chaat Masala', 'Juice', 'Cheese', 'Fish', 'Salt', 'Butter', 'HIT Crawling Insect Killer']"
t975,"['Milk', 'Eggs', 'Cheese', 'Salt', 'Butter', 'Nivea Body Lotion', 'Maggi Instant Noodles', 'Onions']"
t976,"['Tomatoes', 'Shampoo', 'Conditioner', 'Juice', 'Toothpaste', 'Cheese', 'Balaji Masala Masti Chips', 'Salt', 'Face Wash', 'Rice', 'Potatoes', 'Nivea Body Lotion', 'Capsicum']"
t977,"['Chicken', 'Milk', 'Soap', 'Shampoo', 'Conditioner', 'Carrots', 'Toothpaste', 'Face Wash', 'Rice', 'Maggi Instant Noodles', 'Bread', 'Capsicum']"
t978,"['Chia Seeds', 'MTR Ready-to-Eat Poha', 'Shampoo', 'MDH Chaat Masala', 'Toothpaste', 'Pantene Conditioner', 'Ariel Liquid Detergent', 'Salt', 'Butter', 'Rice', 'Cornflakes']"
t979,"['Tomatoes', 'Milk', 'Toothpaste', 'Eggs', 'Colgate Toothpaste', 'Nescafe Gold Blend Rich and Smooth Coffee', 'Cornflakes', 'Potatoes', 'Capsicum']"
t980,"['Milk', 'Soap', 'Shampoo', 'Conditioner', 'Organic Honey', 'Aloo Bhujia', 'Juice', 'Energy Drink', 'Capsicum', 'Ashirvaad Whole Wheat Atta']"
t981,"['Tomatoes', 'Chicken', 'Milk', 'Toothpaste', 'Eggs', 'Butter', 'Bread', 'Capsicum', 'Colin Glass Cleaner']"
t982,"['Tomatoes', 'Shampoo', 'Toothpaste', 'Eggs', 'Spinach', 'Butter', 'Lay’s American Cream & Onion', 'Onions', 'Capsicum', 'Origami Tissue Paper', 'Let’s Try Peri Peri Makhana']"
t983,"['Tomatoes', 'Chicken', 'Soap', 'Almonds', 'Fortune Sunlite Refined Oil', 'Fish', 'Salt', 'Rice', 'Cornflakes', 'Onions', 'Saffron', 'Capsicum', 'Origami Tissue Paper', 'Colin Glass Cleaner']"
t984,"['Tomatoes', 'Milk', 'Soap', 'Juice', 'Salt', 'Butter', 'Protein Powder', 'Face Wash', 'Bedsheet Double Bed', 'Bananas', 'Capsicum']"
t985,"['Chicken', 'Milk', 'Shampoo', 'India Gate Basmati Rice', 'Eggs', 'Salt', 'Rice', 'Cornflakes', 'Bread', 'Himalaya Face Wash', 'Let’s Try Peri Peri Makhana']"
t986,"['Chia Seeds', 'Shampoo', 'Juice', 'India Gate Basmati Rice', 'Cheese', 'Balaji Masala Masti Chips', 'Salt', 'Butter', 'Bread', 'Capsicum']"
t987,"['Milk', 'Soap', 'Shampoo', 'Conditioner', 'Toothpaste', 'Eggs', 'Balaji Masala Masti Chips', 'Lay’s India’s Magic Masala', 'Onions', 'Colin Glass Cleaner']"
t988,"['Red Label Tea', 'Tomatoes', 'Conditioner', 'Toothpaste', 'Fish', 'Rice', 'Bananas', 'Bread', 'Capsicum']"
t989,"['Chicken', 'Tata Salt', 'Conditioner', 'Fortune Sunlite Refined Oil', 'Toothpaste', 'Eggs', 'Spinach', 'Salt', 'Protein Powder', 'Rice', 'Potatoes', 'Saffron', 'Bread', 'Capsicum']"
t990,"['Milk', 'Soap', 'Chia Seeds', 'Dettol Hand Wash', 'Conditioner', 'Toothpaste', 'Rice', 'Elegant Weavers Doormat', 'Onions', 'Saffron', 'Origami Tissue Paper']"
t991,"['Tomatoes', 'Dettol Hand Wash', 'MTR Ready-to-Eat Poha', 'Shampoo', 'Organic Honey', 'Toothpaste', 'Eggs', 'Fish', 'Salt', 'Protein Powder', 'Rice', 'Crystal Large Garbage Bag', 'Elegant Weavers Doormat', 'Bread', 'Comfort After Wash']"
t992,"['Chicken', 'Soap', 'MTR Ready-to-Eat Poha', 'Salt', 'Energy Drink', 'Rice', 'Elegant Weavers Doormat', 'Saffron', 'Bread']"
t993,"['Tomatoes', 'Shampoo', 'Dove Shampoo', 'Aloo Bhujia', 'Eggs', 'Cheese', 'Butter', 'Protein Powder', 'Face Wash', 'Rice', 'Cornflakes']"
t994,"['Olive Oil', 'Soap', 'Conditioner', 'Toothpaste', 'Eggs', 'India Gate Basmati Rice', 'Salt', 'Energy Drink', 'Face Wash', 'Crystal Large Garbage Bag', 'Maggi Instant Noodles', 'Bread', 'Capsicum']"
t995,"['Chicken', 'Milk', 'Shampoo', 'Conditioner', 'Tata Premium Tea', 'Eggs', 'Cheese', 'Rice', 'Cornflakes', 'Onions', 'HIT Crawling Insect Killer', 'Capsicum', 'Colin Glass Cleaner']"
t996,"['Tata Salt', 'Shampoo', 'Conditioner', 'Fortune Sunlite Refined Oil', 'Juice', 'Eggs', 'Pantene Conditioner', 'Salt', 'Face Wash', 'Bananas', 'Bread', 'Capsicum']"
t997,"['Olive Oil', 'Milk', 'Conditioner', 'Juice', 'Eggs', 'Fish', 'Nescafe Gold Blend Rich and Smooth Coffee', 'Salt', 'Rice', 'Cornflakes', 'Potatoes', 'Crystal Large Garbage Bag', 'Bread']"
t998,"['Tomatoes', 'Olive Oil', 'Milk', 'Dettol Hand Wash', 'Shampoo', 'Almonds', 'Dove Shampoo', 'Aloo Bhujia', 'Eggs', 'Fish', 'Salt', 'Butter', 'Face Wash', 'Bananas', 'Pillow Cover']"
t999,"['Tomatoes', 'Chicken', 'Organic Honey', 'Carrots', 'Toothpaste', 'Cheese', 'Protein Powder', 'Rice', 'Capsicum', 'Colin Glass Cleaner', 'Pillow Cover']"
t1000,"['Milk', 'Dettol Hand Wash', 'Shampoo', 'Fortune Sunlite Refined Oil', 'Fish', 'Salt', 'Butter', 'Face Wash', 'Potatoes', 'Bread']"
